DATAFLOW,LAST UPDATE,freq,tra_mode,duration,purpose,c_dest,statinfo,unit,geo,TIME_PERIOD,OBS_VALUE,OBS_FLAG
ESTAT:TOUR_DEM_EXTR(1.0),15/01/24 23:00:00,A,TOTAL,N_GE1,TOTAL,WORLD,AVG_TRP,EUR,AL,2017,35.34,
ESTAT:TOUR_DEM_EXTR(1.0),15/01/24 23:00:00,A,TOTAL,N_GE1,TOTAL,WORLD,AVG_TRP,EUR,AL,2019,27.58,
ESTAT:TOUR_DEM_EXTR(1.0),15/01/24 23:00:00,A,TOTAL,N_GE1,TOTAL,WORLD,AVG_TRP,EUR,AL,2020,15.99,
ESTAT:TOUR_DEM_EXTR(1.0),15/01/24 23:00:00,A,TOTAL,N_GE1,TOTAL,WORLD,AVG_TRP,EUR,AT,2013,189.78,
ESTAT:TOUR_DEM_EXTR(1.0),15/01/24 23:00:00,A,TOTAL,N_GE1,TOTAL,WORLD,AVG_TRP,EUR,AT,2014,191.81,
ESTAT:TOUR_DEM_EXTR(1.0),15/01/24 23:00:00,A,TOTAL,N_GE1,TOTAL,WORLD,AVG_TRP,EUR,AT,2015,185.49,
ESTAT:TOUR_DEM_EXTR(1.0),15/01/24 23:00:00,A,TOTAL,N_GE1,TOTAL,WORLD,AVG_TRP,EUR,AT,2016,178.12,
ESTAT:TOUR_DEM_EXTR(1.0),15/01/24 23:00:00,A,TOTAL,N_GE1,TOTAL,WORLD,AVG_TRP,EUR,AT,2017,181.78,
ESTAT:TOUR_DEM_EXTR(1.0),15/01/24 23:00:00,A,TOTAL,N_GE1,TOTAL,WORLD,AVG_TRP,EUR,AT,2018,176.63,
ESTAT:TOUR_DEM_EXTR(1.0),15/01/24 23:00:00,A,TOTAL,N_GE1,TOTAL,WORLD,AVG_TRP,EUR,AT,2019,184.54,
ESTAT:TOUR_DEM_EXTR(1.0),15/01/24 23:00:00,A,TOTAL,N_GE1,TOTAL,WORLD,AVG_TRP,EUR,AT,2020,124.58,
ESTAT:TOUR_DEM_EXTR(1.0),15/01/24 23:00:00,A,TOTAL,N_GE1,TOTAL,WORLD,AVG_TRP,EUR,AT,2021,153.25,
ESTAT:TOUR_DEM_EXTR(1.0),15/01/24 23:00:00,A,TOTAL,N_GE1,TOTAL,WORLD,AVG_TRP,EUR,AT,2022,213.93,
ESTAT:TOUR_DEM_EXTR(1.0),15/01/24 23:00:00,A,TOTAL,N_GE1,TOTAL,WORLD,AVG_TRP,EUR,BE,2013,209.84,
ESTAT:TOUR_DEM_EXTR(1.0),15/01/24 23:00:00,A,TOTAL,N_GE1,TOTAL,WORLD,AVG_TRP,EUR,BE,2014,174.16,
ESTAT:TOUR_DEM_EXTR(1.0),15/01/24 23:00:00,A,TOTAL,N_GE1,TOTAL,WORLD,AVG_TRP,EUR,BE,2015,147.60,
ESTAT:TOUR_DEM_EXTR(1.0),15/01/24 23:00:00,A,TOTAL,N_GE1,TOTAL,WORLD,AVG_TRP,EUR,BE,2016,217.93,
ESTAT:TOUR_DEM_EXTR(1.0),15/01/24 23:00:00,A,TOTAL,N_GE1,TOTAL,WORLD,AVG_TRP,EUR,BE,2017,164.08,b
ESTAT:TOUR_DEM_EXTR(1.0),15/01/24 23:00:00,A,TOTAL,N_GE1,TOTAL,WORLD,AVG_TRP,EUR,BE,2018,160.44,
ESTAT:TOUR_DEM_EXTR(1.0),15/01/24 23:00:00,A,TOTAL,N_GE1,TOTAL,WORLD,AVG_TRP,EUR,BE,2019,183.99,
ESTAT:TOUR_DEM_EXTR(1.0),15/01/24 23:00:00,A,TOTAL,N_GE1,TOTAL,WORLD,AVG_TRP,EUR,BE,2020,115.78,
ESTAT:TOUR_DEM_EXTR(1.0),15/01/24 23:00:00,A,TOTAL,N_GE1,TOTAL,WORLD,AVG_TRP,EUR,BE,2021,126.43,
ESTAT:TOUR_DEM_EXTR(1.0),15/01/24 23:00:00,A,TOTAL,N_GE1,TOTAL,WORLD,AVG_TRP,EUR,BE,2022,166.55,
ESTAT:TOUR_DEM_EXTR(1.0),15/01/24 23:00:00,A,TOTAL,N_GE1,TOTAL,WORLD,AVG_TRP,EUR,BG,2013,40.67,
ESTAT:TOUR_DEM_EXTR(1.0),15/01/24 23:00:00,A,TOTAL,N_GE1,TOTAL,WORLD,AVG_TRP,EUR,BG,2014,49.99,
ESTAT:TOUR_DEM_EXTR(1.0),15/01/24 23:00:00,A,TOTAL,N_GE1,TOTAL,WORLD,AVG_TRP,EUR,BG,2015,44.98,
ESTAT:TOUR_DEM_EXTR(1.0),15/01/24 23:00:00,A,TOTAL,N_GE1,TOTAL,WORLD,AVG_TRP,EUR,BG,2016,42.36,
ESTAT:TOUR_DEM_EXTR(1.0),15/01/24 23:00:00,A,TOTAL,N_GE1,TOTAL,WORLD,AVG_TRP,EUR,BG,2017,37.75,
ESTAT:TOUR_DEM_EXTR(1.0),15/01/24 23:00:00,A,TOTAL,N_GE1,TOTAL,WORLD,AVG_TRP,EUR,BG,2018,38.64,
ESTAT:TOUR_DEM_EXTR(1.0),15/01/24 23:00:00,A,TOTAL,N_GE1,TOTAL,WORLD,AVG_TRP,EUR,BG,2019,49.92,
ESTAT:TOUR_DEM_EXTR(1.0),15/01/24 23:00:00,A,TOTAL,N_GE1,TOTAL,WORLD,AVG_TRP,EUR,BG,2020,46.76,
ESTAT:TOUR_DEM_EXTR(1.0),15/01/24 23:00:00,A,TOTAL,N_GE1,TOTAL,WORLD,AVG_TRP,EUR,BG,2021,37.53,
ESTAT:TOUR_DEM_EXTR(1.0),15/01/24 23:00:00,A,TOTAL,N_GE1,TOTAL,WORLD,AVG_TRP,EUR,BG,2022,59.10,
ESTAT:TOUR_DEM_EXTR(1.0),15/01/24 23:00:00,A,TOTAL,N_GE1,TOTAL,WORLD,AVG_TRP,EUR,CH,2013,217.43,
ESTAT:TOUR_DEM_EXTR(1.0),15/01/24 23:00:00,A,TOTAL,N_GE1,TOTAL,WORLD,AVG_TRP,EUR,CH,2014,204.17,
ESTAT:TOUR_DEM_EXTR(1.0),15/01/24 23:00:00,A,TOTAL,N_GE1,TOTAL,WORLD,AVG_TRP,EUR,CH,2015,245.59,
ESTAT:TOUR_DEM_EXTR(1.0),15/01/24 23:00:00,A,TOTAL,N_GE1,TOTAL,WORLD,AVG_TRP,EUR,CH,2016,243.13,
ESTAT:TOUR_DEM_EXTR(1.0),15/01/24 23:00:00,A,TOTAL,N_GE1,TOTAL,WORLD,AVG_TRP,EUR,CH,2017,228.70,
ESTAT:TOUR_DEM_EXTR(1.0),15/01/24 23:00:00,A,TOTAL,N_GE1,TOTAL,WORLD,AVG_TRP,EUR,CH,2018,219.63,
ESTAT:TOUR_DEM_EXTR(1.0),15/01/24 23:00:00,A,TOTAL,N_GE1,TOTAL,WORLD,AVG_TRP,EUR,CH,2019,250.76,
ESTAT:TOUR_DEM_EXTR(1.0),15/01/24 23:00:00,A,TOTAL,N_GE1,TOTAL,WORLD,AVG_TRP,EUR,CH,2020,129.29,
ESTAT:TOUR_DEM_EXTR(1.0),15/01/24 23:00:00,A,TOTAL,N_GE1,TOTAL,WORLD,AVG_TRP,EUR,CH,2021,129.88,
ESTAT:TOUR_DEM_EXTR(1.0),15/01/24 23:00:00,A,TOTAL,N_GE1,TOTAL,WORLD,AVG_TRP,EUR,CY,2013,163.39,
ESTAT:TOUR_DEM_EXTR(1.0),15/01/24 23:00:00,A,TOTAL,N_GE1,TOTAL,WORLD,AVG_TRP,EUR,CY,2014,164.50,
ESTAT:TOUR_DEM_EXTR(1.0),15/01/24 23:00:00,A,TOTAL,N_GE1,TOTAL,WORLD,AVG_TRP,EUR,CY,2015,152.05,
ESTAT:TOUR_DEM_EXTR(1.0),15/01/24 23:00:00,A,TOTAL,N_GE1,TOTAL,WORLD,AVG_TRP,EUR,CY,2016,166.27,
ESTAT:TOUR_DEM_EXTR(1.0),15/01/24 23:00:00,A,TOTAL,N_GE1,TOTAL,WORLD,AVG_TRP,EUR,CY,2017,182.94,
ESTAT:TOUR_DEM_EXTR(1.0),15/01/24 23:00:00,A,TOTAL,N_GE1,TOTAL,WORLD,AVG_TRP,EUR,CY,2018,160.52,
ESTAT:TOUR_DEM_EXTR(1.0),15/01/24 23:00:00,A,TOTAL,N_GE1,TOTAL,WORLD,AVG_TRP,EUR,CY,2019,185.61,
ESTAT:TOUR_DEM_EXTR(1.0),15/01/24 23:00:00,A,TOTAL,N_GE1,TOTAL,WORLD,AVG_TRP,EUR,CY,2020,85.21,
ESTAT:TOUR_DEM_EXTR(1.0),15/01/24 23:00:00,A,TOTAL,N_GE1,TOTAL,WORLD,AVG_TRP,EUR,CY,2021,71.72,
ESTAT:TOUR_DEM_EXTR(1.0),15/01/24 23:00:00,A,TOTAL,N_GE1,TOTAL,WORLD,AVG_TRP,EUR,CY,2022,174.65,
ESTAT:TOUR_DEM_EXTR(1.0),15/01/24 23:00:00,A,TOTAL,N_GE1,TOTAL,WORLD,AVG_TRP,EUR,CZ,2013,29.71,
ESTAT:TOUR_DEM_EXTR(1.0),15/01/24 23:00:00,A,TOTAL,N_GE1,TOTAL,WORLD,AVG_TRP,EUR,CZ,2014,27.88,
ESTAT:TOUR_DEM_EXTR(1.0),15/01/24 23:00:00,A,TOTAL,N_GE1,TOTAL,WORLD,AVG_TRP,EUR,CZ,2015,28.93,
ESTAT:TOUR_DEM_EXTR(1.0),15/01/24 23:00:00,A,TOTAL,N_GE1,TOTAL,WORLD,AVG_TRP,EUR,CZ,2016,29.22,
ESTAT:TOUR_DEM_EXTR(1.0),15/01/24 23:00:00,A,TOTAL,N_GE1,TOTAL,WORLD,AVG_TRP,EUR,CZ,2017,30.52,
ESTAT:TOUR_DEM_EXTR(1.0),15/01/24 23:00:00,A,TOTAL,N_GE1,TOTAL,WORLD,AVG_TRP,EUR,CZ,2018,34.83,
ESTAT:TOUR_DEM_EXTR(1.0),15/01/24 23:00:00,A,TOTAL,N_GE1,TOTAL,WORLD,AVG_TRP,EUR,CZ,2019,34.56,
ESTAT:TOUR_DEM_EXTR(1.0),15/01/24 23:00:00,A,TOTAL,N_GE1,TOTAL,WORLD,AVG_TRP,EUR,CZ,2020,19.07,
ESTAT:TOUR_DEM_EXTR(1.0),15/01/24 23:00:00,A,TOTAL,N_GE1,TOTAL,WORLD,AVG_TRP,EUR,CZ,2021,26.89,
ESTAT:TOUR_DEM_EXTR(1.0),15/01/24 23:00:00,A,TOTAL,N_GE1,TOTAL,WORLD,AVG_TRP,EUR,CZ,2022,35.24,
ESTAT:TOUR_DEM_EXTR(1.0),15/01/24 23:00:00,A,TOTAL,N_GE1,TOTAL,WORLD,AVG_TRP,EUR,DE,2013,180.55,
ESTAT:TOUR_DEM_EXTR(1.0),15/01/24 23:00:00,A,TOTAL,N_GE1,TOTAL,WORLD,AVG_TRP,EUR,DE,2014,170.33,
ESTAT:TOUR_DEM_EXTR(1.0),15/01/24 23:00:00,A,TOTAL,N_GE1,TOTAL,WORLD,AVG_TRP,EUR,DE,2015,174.83,
ESTAT:TOUR_DEM_EXTR(1.0),15/01/24 23:00:00,A,TOTAL,N_GE1,TOTAL,WORLD,AVG_TRP,EUR,DE,2016,169.81,
ESTAT:TOUR_DEM_EXTR(1.0),15/01/24 23:00:00,A,TOTAL,N_GE1,TOTAL,WORLD,AVG_TRP,EUR,DE,2017,198.99,
ESTAT:TOUR_DEM_EXTR(1.0),15/01/24 23:00:00,A,TOTAL,N_GE1,TOTAL,WORLD,AVG_TRP,EUR,DE,2018,209.66,
ESTAT:TOUR_DEM_EXTR(1.0),15/01/24 23:00:00,A,TOTAL,N_GE1,TOTAL,WORLD,AVG_TRP,EUR,DE,2019,188.07,
ESTAT:TOUR_DEM_EXTR(1.0),15/01/24 23:00:00,A,TOTAL,N_GE1,TOTAL,WORLD,AVG_TRP,EUR,DE,2020,115.10,
ESTAT:TOUR_DEM_EXTR(1.0),15/01/24 23:00:00,A,TOTAL,N_GE1,TOTAL,WORLD,AVG_TRP,EUR,DE,2021,128.04,
ESTAT:TOUR_DEM_EXTR(1.0),15/01/24 23:00:00,A,TOTAL,N_GE1,TOTAL,WORLD,AVG_TRP,EUR,DE,2022,190.32,
ESTAT:TOUR_DEM_EXTR(1.0),15/01/24 23:00:00,A,TOTAL,N_GE1,TOTAL,WORLD,AVG_TRP,EUR,DK,2013,97.06,b
ESTAT:TOUR_DEM_EXTR(1.0),15/01/24 23:00:00,A,TOTAL,N_GE1,TOTAL,WORLD,AVG_TRP,EUR,DK,2014,114.08,b
ESTAT:TOUR_DEM_EXTR(1.0),15/01/24 23:00:00,A,TOTAL,N_GE1,TOTAL,WORLD,AVG_TRP,EUR,DK,2015,94.14,
ESTAT:TOUR_DEM_EXTR(1.0),15/01/24 23:00:00,A,TOTAL,N_GE1,TOTAL,WORLD,AVG_TRP,EUR,DK,2016,114.79,
ESTAT:TOUR_DEM_EXTR(1.0),15/01/24 23:00:00,A,TOTAL,N_GE1,TOTAL,WORLD,AVG_TRP,EUR,DK,2017,184.17,
ESTAT:TOUR_DEM_EXTR(1.0),15/01/24 23:00:00,A,TOTAL,N_GE1,TOTAL,WORLD,AVG_TRP,EUR,DK,2018,278.38,
ESTAT:TOUR_DEM_EXTR(1.0),15/01/24 23:00:00,A,TOTAL,N_GE1,TOTAL,WORLD,AVG_TRP,EUR,DK,2019,159.59,
ESTAT:TOUR_DEM_EXTR(1.0),15/01/24 23:00:00,A,TOTAL,N_GE1,TOTAL,WORLD,AVG_TRP,EUR,DK,2020,59.58,
ESTAT:TOUR_DEM_EXTR(1.0),15/01/24 23:00:00,A,TOTAL,N_GE1,TOTAL,WORLD,AVG_TRP,EUR,DK,2021,65.79,
ESTAT:TOUR_DEM_EXTR(1.0),15/01/24 23:00:00,A,TOTAL,N_GE1,TOTAL,WORLD,AVG_TRP,EUR,EA20,2013,120.45,
ESTAT:TOUR_DEM_EXTR(1.0),15/01/24 23:00:00,A,TOTAL,N_GE1,TOTAL,WORLD,AVG_TRP,EUR,EA20,2014,115.74,
ESTAT:TOUR_DEM_EXTR(1.0),15/01/24 23:00:00,A,TOTAL,N_GE1,TOTAL,WORLD,AVG_TRP,EUR,EA20,2015,121.32,
ESTAT:TOUR_DEM_EXTR(1.0),15/01/24 23:00:00,A,TOTAL,N_GE1,TOTAL,WORLD,AVG_TRP,EUR,EA20,2016,119.91,
ESTAT:TOUR_DEM_EXTR(1.0),15/01/24 23:00:00,A,TOTAL,N_GE1,TOTAL,WORLD,AVG_TRP,EUR,EA20,2017,128.59,
ESTAT:TOUR_DEM_EXTR(1.0),15/01/24 23:00:00,A,TOTAL,N_GE1,TOTAL,WORLD,AVG_TRP,EUR,EA20,2018,136.15,
ESTAT:TOUR_DEM_EXTR(1.0),15/01/24 23:00:00,A,TOTAL,N_GE1,TOTAL,WORLD,AVG_TRP,EUR,EA20,2019,130.65,
ESTAT:TOUR_DEM_EXTR(1.0),15/01/24 23:00:00,A,TOTAL,N_GE1,TOTAL,WORLD,AVG_TRP,EUR,EA20,2020,87.42,
ESTAT:TOUR_DEM_EXTR(1.0),15/01/24 23:00:00,A,TOTAL,N_GE1,TOTAL,WORLD,AVG_TRP,EUR,EA20,2021,92.53,
ESTAT:TOUR_DEM_EXTR(1.0),15/01/24 23:00:00,A,TOTAL,N_GE1,TOTAL,WORLD,AVG_TRP,EUR,EA20,2022,132.46,
ESTAT:TOUR_DEM_EXTR(1.0),15/01/24 23:00:00,A,TOTAL,N_GE1,TOTAL,WORLD,AVG_TRP,EUR,EE,2013,76.13,
ESTAT:TOUR_DEM_EXTR(1.0),15/01/24 23:00:00,A,TOTAL,N_GE1,TOTAL,WORLD,AVG_TRP,EUR,EE,2014,66.54,
ESTAT:TOUR_DEM_EXTR(1.0),15/01/24 23:00:00,A,TOTAL,N_GE1,TOTAL,WORLD,AVG_TRP,EUR,EE,2015,86.78,
ESTAT:TOUR_DEM_EXTR(1.0),15/01/24 23:00:00,A,TOTAL,N_GE1,TOTAL,WORLD,AVG_TRP,EUR,EE,2016,76.17,
ESTAT:TOUR_DEM_EXTR(1.0),15/01/24 23:00:00,A,TOTAL,N_GE1,TOTAL,WORLD,AVG_TRP,EUR,EE,2017,74.07,
ESTAT:TOUR_DEM_EXTR(1.0),15/01/24 23:00:00,A,TOTAL,N_GE1,TOTAL,WORLD,AVG_TRP,EUR,EE,2018,108.04,
ESTAT:TOUR_DEM_EXTR(1.0),15/01/24 23:00:00,A,TOTAL,N_GE1,TOTAL,WORLD,AVG_TRP,EUR,EE,2019,117.03,
ESTAT:TOUR_DEM_EXTR(1.0),15/01/24 23:00:00,A,TOTAL,N_GE1,TOTAL,WORLD,AVG_TRP,EUR,EE,2020,96.50,
ESTAT:TOUR_DEM_EXTR(1.0),15/01/24 23:00:00,A,TOTAL,N_GE1,TOTAL,WORLD,AVG_TRP,EUR,EE,2021,91.42,
ESTAT:TOUR_DEM_EXTR(1.0),15/01/24 23:00:00,A,TOTAL,N_GE1,TOTAL,WORLD,AVG_TRP,EUR,EE,2022,129.24,
ESTAT:TOUR_DEM_EXTR(1.0),15/01/24 23:00:00,A,TOTAL,N_GE1,TOTAL,WORLD,AVG_TRP,EUR,EL,2013,82.26,
ESTAT:TOUR_DEM_EXTR(1.0),15/01/24 23:00:00,A,TOTAL,N_GE1,TOTAL,WORLD,AVG_TRP,EUR,EL,2014,76.62,
ESTAT:TOUR_DEM_EXTR(1.0),15/01/24 23:00:00,A,TOTAL,N_GE1,TOTAL,WORLD,AVG_TRP,EUR,EL,2015,72.96,
ESTAT:TOUR_DEM_EXTR(1.0),15/01/24 23:00:00,A,TOTAL,N_GE1,TOTAL,WORLD,AVG_TRP,EUR,EL,2016,81.29,
ESTAT:TOUR_DEM_EXTR(1.0),15/01/24 23:00:00,A,TOTAL,N_GE1,TOTAL,WORLD,AVG_TRP,EUR,EL,2017,80.01,
ESTAT:TOUR_DEM_EXTR(1.0),15/01/24 23:00:00,A,TOTAL,N_GE1,TOTAL,WORLD,AVG_TRP,EUR,EL,2018,81.13,
ESTAT:TOUR_DEM_EXTR(1.0),15/01/24 23:00:00,A,TOTAL,N_GE1,TOTAL,WORLD,AVG_TRP,EUR,EL,2019,94.31,
ESTAT:TOUR_DEM_EXTR(1.0),15/01/24 23:00:00,A,TOTAL,N_GE1,TOTAL,WORLD,AVG_TRP,EUR,EL,2020,77.33,
ESTAT:TOUR_DEM_EXTR(1.0),15/01/24 23:00:00,A,TOTAL,N_GE1,TOTAL,WORLD,AVG_TRP,EUR,EL,2021,82.61,
ESTAT:TOUR_DEM_EXTR(1.0),15/01/24 23:00:00,A,TOTAL,N_GE1,TOTAL,WORLD,AVG_TRP,EUR,EL,2022,103.90,
ESTAT:TOUR_DEM_EXTR(1.0),15/01/24 23:00:00,A,TOTAL,N_GE1,TOTAL,WORLD,AVG_TRP,EUR,ES,2013,40.84,
ESTAT:TOUR_DEM_EXTR(1.0),15/01/24 23:00:00,A,TOTAL,N_GE1,TOTAL,WORLD,AVG_TRP,EUR,ES,2014,42.08,
ESTAT:TOUR_DEM_EXTR(1.0),15/01/24 23:00:00,A,TOTAL,N_GE1,TOTAL,WORLD,AVG_TRP,EUR,ES,2015,66.53,b
ESTAT:TOUR_DEM_EXTR(1.0),15/01/24 23:00:00,A,TOTAL,N_GE1,TOTAL,WORLD,AVG_TRP,EUR,ES,2016,68.16,
ESTAT:TOUR_DEM_EXTR(1.0),15/01/24 23:00:00,A,TOTAL,N_GE1,TOTAL,WORLD,AVG_TRP,EUR,ES,2017,67.48,
ESTAT:TOUR_DEM_EXTR(1.0),15/01/24 23:00:00,A,TOTAL,N_GE1,TOTAL,WORLD,AVG_TRP,EUR,ES,2018,74.33,
ESTAT:TOUR_DEM_EXTR(1.0),15/01/24 23:00:00,A,TOTAL,N_GE1,TOTAL,WORLD,AVG_TRP,EUR,ES,2019,74.04,
ESTAT:TOUR_DEM_EXTR(1.0),15/01/24 23:00:00,A,TOTAL,N_GE1,TOTAL,WORLD,AVG_TRP,EUR,ES,2020,52.86,
ESTAT:TOUR_DEM_EXTR(1.0),15/01/24 23:00:00,A,TOTAL,N_GE1,TOTAL,WORLD,AVG_TRP,EUR,ES,2021,56.10,
ESTAT:TOUR_DEM_EXTR(1.0),15/01/24 23:00:00,A,TOTAL,N_GE1,TOTAL,WORLD,AVG_TRP,EUR,ES,2022,83.07,
ESTAT:TOUR_DEM_EXTR(1.0),15/01/24 23:00:00,A,TOTAL,N_GE1,TOTAL,WORLD,AVG_TRP,EUR,EU27_2020,2013,110.84,e
ESTAT:TOUR_DEM_EXTR(1.0),15/01/24 23:00:00,A,TOTAL,N_GE1,TOTAL,WORLD,AVG_TRP,EUR,EU27_2020,2014,106.57,
ESTAT:TOUR_DEM_EXTR(1.0),15/01/24 23:00:00,A,TOTAL,N_GE1,TOTAL,WORLD,AVG_TRP,EUR,EU27_2020,2015,110.56,
ESTAT:TOUR_DEM_EXTR(1.0),15/01/24 23:00:00,A,TOTAL,N_GE1,TOTAL,WORLD,AVG_TRP,EUR,EU27_2020,2016,107.79,
ESTAT:TOUR_DEM_EXTR(1.0),15/01/24 23:00:00,A,TOTAL,N_GE1,TOTAL,WORLD,AVG_TRP,EUR,EU27_2020,2017,130.71,
ESTAT:TOUR_DEM_EXTR(1.0),15/01/24 23:00:00,A,TOTAL,N_GE1,TOTAL,WORLD,AVG_TRP,EUR,EU27_2020,2018,135.33,
ESTAT:TOUR_DEM_EXTR(1.0),15/01/24 23:00:00,A,TOTAL,N_GE1,TOTAL,WORLD,AVG_TRP,EUR,EU27_2020,2019,127.51,
ESTAT:TOUR_DEM_EXTR(1.0),15/01/24 23:00:00,A,TOTAL,N_GE1,TOTAL,WORLD,AVG_TRP,EUR,EU27_2020,2020,79.93,
ESTAT:TOUR_DEM_EXTR(1.0),15/01/24 23:00:00,A,TOTAL,N_GE1,TOTAL,WORLD,AVG_TRP,EUR,EU27_2020,2021,85.63,
ESTAT:TOUR_DEM_EXTR(1.0),15/01/24 23:00:00,A,TOTAL,N_GE1,TOTAL,WORLD,AVG_TRP,EUR,EU27_2020,2022,123.94,e
ESTAT:TOUR_DEM_EXTR(1.0),15/01/24 23:00:00,A,TOTAL,N_GE1,TOTAL,WORLD,AVG_TRP,EUR,FI,2013,116.73,
ESTAT:TOUR_DEM_EXTR(1.0),15/01/24 23:00:00,A,TOTAL,N_GE1,TOTAL,WORLD,AVG_TRP,EUR,FI,2014,118.20,
ESTAT:TOUR_DEM_EXTR(1.0),15/01/24 23:00:00,A,TOTAL,N_GE1,TOTAL,WORLD,AVG_TRP,EUR,FI,2015,116.77,
ESTAT:TOUR_DEM_EXTR(1.0),15/01/24 23:00:00,A,TOTAL,N_GE1,TOTAL,WORLD,AVG_TRP,EUR,FI,2016,113.54,
ESTAT:TOUR_DEM_EXTR(1.0),15/01/24 23:00:00,A,TOTAL,N_GE1,TOTAL,WORLD,AVG_TRP,EUR,FI,2017,115.09,
ESTAT:TOUR_DEM_EXTR(1.0),15/01/24 23:00:00,A,TOTAL,N_GE1,TOTAL,WORLD,AVG_TRP,EUR,FI,2018,127.87,
ESTAT:TOUR_DEM_EXTR(1.0),15/01/24 23:00:00,A,TOTAL,N_GE1,TOTAL,WORLD,AVG_TRP,EUR,FI,2019,121.60,
ESTAT:TOUR_DEM_EXTR(1.0),15/01/24 23:00:00,A,TOTAL,N_GE1,TOTAL,WORLD,AVG_TRP,EUR,FI,2020,72.66,
ESTAT:TOUR_DEM_EXTR(1.0),15/01/24 23:00:00,A,TOTAL,N_GE1,TOTAL,WORLD,AVG_TRP,EUR,FI,2021,60.28,
ESTAT:TOUR_DEM_EXTR(1.0),15/01/24 23:00:00,A,TOTAL,N_GE1,TOTAL,WORLD,AVG_TRP,EUR,FI,2022,117.30,
ESTAT:TOUR_DEM_EXTR(1.0),15/01/24 23:00:00,A,TOTAL,N_GE1,TOTAL,WORLD,AVG_TRP,EUR,FR,2013,100.00,
ESTAT:TOUR_DEM_EXTR(1.0),15/01/24 23:00:00,A,TOTAL,N_GE1,TOTAL,WORLD,AVG_TRP,EUR,FR,2014,101.90,
ESTAT:TOUR_DEM_EXTR(1.0),15/01/24 23:00:00,A,TOTAL,N_GE1,TOTAL,WORLD,AVG_TRP,EUR,FR,2015,100.27,
ESTAT:TOUR_DEM_EXTR(1.0),15/01/24 23:00:00,A,TOTAL,N_GE1,TOTAL,WORLD,AVG_TRP,EUR,FR,2016,98.40,
ESTAT:TOUR_DEM_EXTR(1.0),15/01/24 23:00:00,A,TOTAL,N_GE1,TOTAL,WORLD,AVG_TRP,EUR,FR,2017,101.35,
ESTAT:TOUR_DEM_EXTR(1.0),15/01/24 23:00:00,A,TOTAL,N_GE1,TOTAL,WORLD,AVG_TRP,EUR,FR,2018,103.77,
ESTAT:TOUR_DEM_EXTR(1.0),15/01/24 23:00:00,A,TOTAL,N_GE1,TOTAL,WORLD,AVG_TRP,EUR,FR,2019,102.18,
ESTAT:TOUR_DEM_EXTR(1.0),15/01/24 23:00:00,A,TOTAL,N_GE1,TOTAL,WORLD,AVG_TRP,EUR,FR,2020,85.08,
ESTAT:TOUR_DEM_EXTR(1.0),15/01/24 23:00:00,A,TOTAL,N_GE1,TOTAL,WORLD,AVG_TRP,EUR,FR,2021,80.74,
ESTAT:TOUR_DEM_EXTR(1.0),15/01/24 23:00:00,A,TOTAL,N_GE1,TOTAL,WORLD,AVG_TRP,EUR,FR,2022,103.58,
ESTAT:TOUR_DEM_EXTR(1.0),15/01/24 23:00:00,A,TOTAL,N_GE1,TOTAL,WORLD,AVG_TRP,EUR,HR,2013,63.53,
ESTAT:TOUR_DEM_EXTR(1.0),15/01/24 23:00:00,A,TOTAL,N_GE1,TOTAL,WORLD,AVG_TRP,EUR,HR,2014,76.98,
ESTAT:TOUR_DEM_EXTR(1.0),15/01/24 23:00:00,A,TOTAL,N_GE1,TOTAL,WORLD,AVG_TRP,EUR,HR,2015,106.11,
ESTAT:TOUR_DEM_EXTR(1.0),15/01/24 23:00:00,A,TOTAL,N_GE1,TOTAL,WORLD,AVG_TRP,EUR,HR,2016,89.45,
ESTAT:TOUR_DEM_EXTR(1.0),15/01/24 23:00:00,A,TOTAL,N_GE1,TOTAL,WORLD,AVG_TRP,EUR,HR,2017,92.28,
ESTAT:TOUR_DEM_EXTR(1.0),15/01/24 23:00:00,A,TOTAL,N_GE1,TOTAL,WORLD,AVG_TRP,EUR,HR,2018,95.89,
ESTAT:TOUR_DEM_EXTR(1.0),15/01/24 23:00:00,A,TOTAL,N_GE1,TOTAL,WORLD,AVG_TRP,EUR,HR,2019,84.39,
ESTAT:TOUR_DEM_EXTR(1.0),15/01/24 23:00:00,A,TOTAL,N_GE1,TOTAL,WORLD,AVG_TRP,EUR,HR,2020,59.54,
ESTAT:TOUR_DEM_EXTR(1.0),15/01/24 23:00:00,A,TOTAL,N_GE1,TOTAL,WORLD,AVG_TRP,EUR,HR,2021,69.56,
ESTAT:TOUR_DEM_EXTR(1.0),15/01/24 23:00:00,A,TOTAL,N_GE1,TOTAL,WORLD,AVG_TRP,EUR,HR,2022,86.00,
ESTAT:TOUR_DEM_EXTR(1.0),15/01/24 23:00:00,A,TOTAL,N_GE1,TOTAL,WORLD,AVG_TRP,EUR,HU,2013,21.96,
ESTAT:TOUR_DEM_EXTR(1.0),15/01/24 23:00:00,A,TOTAL,N_GE1,TOTAL,WORLD,AVG_TRP,EUR,HU,2014,30.01,
ESTAT:TOUR_DEM_EXTR(1.0),15/01/24 23:00:00,A,TOTAL,N_GE1,TOTAL,WORLD,AVG_TRP,EUR,HU,2015,28.82,
ESTAT:TOUR_DEM_EXTR(1.0),15/01/24 23:00:00,A,TOTAL,N_GE1,TOTAL,WORLD,AVG_TRP,EUR,HU,2016,29.56,
ESTAT:TOUR_DEM_EXTR(1.0),15/01/24 23:00:00,A,TOTAL,N_GE1,TOTAL,WORLD,AVG_TRP,EUR,HU,2017,31.23,
ESTAT:TOUR_DEM_EXTR(1.0),15/01/24 23:00:00,A,TOTAL,N_GE1,TOTAL,WORLD,AVG_TRP,EUR,HU,2018,34.51,
ESTAT:TOUR_DEM_EXTR(1.0),15/01/24 23:00:00,A,TOTAL,N_GE1,TOTAL,WORLD,AVG_TRP,EUR,HU,2019,32.74,
ESTAT:TOUR_DEM_EXTR(1.0),15/01/24 23:00:00,A,TOTAL,N_GE1,TOTAL,WORLD,AVG_TRP,EUR,HU,2020,21.22,
ESTAT:TOUR_DEM_EXTR(1.0),15/01/24 23:00:00,A,TOTAL,N_GE1,TOTAL,WORLD,AVG_TRP,EUR,HU,2021,22.22,
ESTAT:TOUR_DEM_EXTR(1.0),15/01/24 23:00:00,A,TOTAL,N_GE1,TOTAL,WORLD,AVG_TRP,EUR,HU,2022,28.94,
ESTAT:TOUR_DEM_EXTR(1.0),15/01/24 23:00:00,A,TOTAL,N_GE1,TOTAL,WORLD,AVG_TRP,EUR,IE,2013,153.03,
ESTAT:TOUR_DEM_EXTR(1.0),15/01/24 23:00:00,A,TOTAL,N_GE1,TOTAL,WORLD,AVG_TRP,EUR,IE,2014,156.91,
ESTAT:TOUR_DEM_EXTR(1.0),15/01/24 23:00:00,A,TOTAL,N_GE1,TOTAL,WORLD,AVG_TRP,EUR,IE,2015,152.60,
ESTAT:TOUR_DEM_EXTR(1.0),15/01/24 23:00:00,A,TOTAL,N_GE1,TOTAL,WORLD,AVG_TRP,EUR,IE,2016,156.87,
ESTAT:TOUR_DEM_EXTR(1.0),15/01/24 23:00:00,A,TOTAL,N_GE1,TOTAL,WORLD,AVG_TRP,EUR,IE,2017,150.20,
ESTAT:TOUR_DEM_EXTR(1.0),15/01/24 23:00:00,A,TOTAL,N_GE1,TOTAL,WORLD,AVG_TRP,EUR,IE,2018,148.97,
ESTAT:TOUR_DEM_EXTR(1.0),15/01/24 23:00:00,A,TOTAL,N_GE1,TOTAL,WORLD,AVG_TRP,EUR,IE,2019,155.17,
ESTAT:TOUR_DEM_EXTR(1.0),15/01/24 23:00:00,A,TOTAL,N_GE1,TOTAL,WORLD,AVG_TRP,EUR,IE,2020,105.21,
ESTAT:TOUR_DEM_EXTR(1.0),15/01/24 23:00:00,A,TOTAL,N_GE1,TOTAL,WORLD,AVG_TRP,EUR,IE,2021,96.34,
ESTAT:TOUR_DEM_EXTR(1.0),15/01/24 23:00:00,A,TOTAL,N_GE1,TOTAL,WORLD,AVG_TRP,EUR,IE,2022,144.97,
ESTAT:TOUR_DEM_EXTR(1.0),15/01/24 23:00:00,A,TOTAL,N_GE1,TOTAL,WORLD,AVG_TRP,EUR,IT,2013,122.82,
ESTAT:TOUR_DEM_EXTR(1.0),15/01/24 23:00:00,A,TOTAL,N_GE1,TOTAL,WORLD,AVG_TRP,EUR,IT,2014,100.11,b
ESTAT:TOUR_DEM_EXTR(1.0),15/01/24 23:00:00,A,TOTAL,N_GE1,TOTAL,WORLD,AVG_TRP,EUR,IT,2015,111.73,
ESTAT:TOUR_DEM_EXTR(1.0),15/01/24 23:00:00,A,TOTAL,N_GE1,TOTAL,WORLD,AVG_TRP,EUR,IT,2016,101.61,
ESTAT:TOUR_DEM_EXTR(1.0),15/01/24 23:00:00,A,TOTAL,N_GE1,TOTAL,WORLD,AVG_TRP,EUR,IT,2017,109.76,
ESTAT:TOUR_DEM_EXTR(1.0),15/01/24 23:00:00,A,TOTAL,N_GE1,TOTAL,WORLD,AVG_TRP,EUR,IT,2018,122.11,
ESTAT:TOUR_DEM_EXTR(1.0),15/01/24 23:00:00,A,TOTAL,N_GE1,TOTAL,WORLD,AVG_TRP,EUR,IT,2019,125.21,
ESTAT:TOUR_DEM_EXTR(1.0),15/01/24 23:00:00,A,TOTAL,N_GE1,TOTAL,WORLD,AVG_TRP,EUR,IT,2020,85.53,
ESTAT:TOUR_DEM_EXTR(1.0),15/01/24 23:00:00,A,TOTAL,N_GE1,TOTAL,WORLD,AVG_TRP,EUR,IT,2021,99.93,
ESTAT:TOUR_DEM_EXTR(1.0),15/01/24 23:00:00,A,TOTAL,N_GE1,TOTAL,WORLD,AVG_TRP,EUR,IT,2022,119.19,
ESTAT:TOUR_DEM_EXTR(1.0),15/01/24 23:00:00,A,TOTAL,N_GE1,TOTAL,WORLD,AVG_TRP,EUR,LT,2013,55.00,
ESTAT:TOUR_DEM_EXTR(1.0),15/01/24 23:00:00,A,TOTAL,N_GE1,TOTAL,WORLD,AVG_TRP,EUR,LT,2014,65.08,
ESTAT:TOUR_DEM_EXTR(1.0),15/01/24 23:00:00,A,TOTAL,N_GE1,TOTAL,WORLD,AVG_TRP,EUR,LT,2015,73.21,
ESTAT:TOUR_DEM_EXTR(1.0),15/01/24 23:00:00,A,TOTAL,N_GE1,TOTAL,WORLD,AVG_TRP,EUR,LT,2016,71.42,
ESTAT:TOUR_DEM_EXTR(1.0),15/01/24 23:00:00,A,TOTAL,N_GE1,TOTAL,WORLD,AVG_TRP,EUR,LT,2017,71.87,
ESTAT:TOUR_DEM_EXTR(1.0),15/01/24 23:00:00,A,TOTAL,N_GE1,TOTAL,WORLD,AVG_TRP,EUR,LT,2018,76.36,
ESTAT:TOUR_DEM_EXTR(1.0),15/01/24 23:00:00,A,TOTAL,N_GE1,TOTAL,WORLD,AVG_TRP,EUR,LT,2019,73.20,
ESTAT:TOUR_DEM_EXTR(1.0),15/01/24 23:00:00,A,TOTAL,N_GE1,TOTAL,WORLD,AVG_TRP,EUR,LT,2020,47.18,
ESTAT:TOUR_DEM_EXTR(1.0),15/01/24 23:00:00,A,TOTAL,N_GE1,TOTAL,WORLD,AVG_TRP,EUR,LT,2021,49.45,
ESTAT:TOUR_DEM_EXTR(1.0),15/01/24 23:00:00,A,TOTAL,N_GE1,TOTAL,WORLD,AVG_TRP,EUR,LT,2022,64.67,
ESTAT:TOUR_DEM_EXTR(1.0),15/01/24 23:00:00,A,TOTAL,N_GE1,TOTAL,WORLD,AVG_TRP,EUR,LU,2013,259.10,
ESTAT:TOUR_DEM_EXTR(1.0),15/01/24 23:00:00,A,TOTAL,N_GE1,TOTAL,WORLD,AVG_TRP,EUR,LU,2014,252.41,
ESTAT:TOUR_DEM_EXTR(1.0),15/01/24 23:00:00,A,TOTAL,N_GE1,TOTAL,WORLD,AVG_TRP,EUR,LU,2015,214.65,
ESTAT:TOUR_DEM_EXTR(1.0),15/01/24 23:00:00,A,TOTAL,N_GE1,TOTAL,WORLD,AVG_TRP,EUR,LU,2016,229.87,
ESTAT:TOUR_DEM_EXTR(1.0),15/01/24 23:00:00,A,TOTAL,N_GE1,TOTAL,WORLD,AVG_TRP,EUR,LU,2017,280.94,
ESTAT:TOUR_DEM_EXTR(1.0),15/01/24 23:00:00,A,TOTAL,N_GE1,TOTAL,WORLD,AVG_TRP,EUR,LU,2018,321.39,
ESTAT:TOUR_DEM_EXTR(1.0),15/01/24 23:00:00,A,TOTAL,N_GE1,TOTAL,WORLD,AVG_TRP,EUR,LU,2019,306.03,
ESTAT:TOUR_DEM_EXTR(1.0),15/01/24 23:00:00,A,TOTAL,N_GE1,TOTAL,WORLD,AVG_TRP,EUR,LU,2020,245.15,
ESTAT:TOUR_DEM_EXTR(1.0),15/01/24 23:00:00,A,TOTAL,N_GE1,TOTAL,WORLD,AVG_TRP,EUR,LU,2021,280.60,
ESTAT:TOUR_DEM_EXTR(1.0),15/01/24 23:00:00,A,TOTAL,N_GE1,TOTAL,WORLD,AVG_TRP,EUR,LU,2022,344.78,
ESTAT:TOUR_DEM_EXTR(1.0),15/01/24 23:00:00,A,TOTAL,N_GE1,TOTAL,WORLD,AVG_TRP,EUR,LV,2013,51.18,
ESTAT:TOUR_DEM_EXTR(1.0),15/01/24 23:00:00,A,TOTAL,N_GE1,TOTAL,WORLD,AVG_TRP,EUR,LV,2014,50.78,
ESTAT:TOUR_DEM_EXTR(1.0),15/01/24 23:00:00,A,TOTAL,N_GE1,TOTAL,WORLD,AVG_TRP,EUR,LV,2015,45.32,
ESTAT:TOUR_DEM_EXTR(1.0),15/01/24 23:00:00,A,TOTAL,N_GE1,TOTAL,WORLD,AVG_TRP,EUR,LV,2016,46.14,
ESTAT:TOUR_DEM_EXTR(1.0),15/01/24 23:00:00,A,TOTAL,N_GE1,TOTAL,WORLD,AVG_TRP,EUR,LV,2017,49.22,
ESTAT:TOUR_DEM_EXTR(1.0),15/01/24 23:00:00,A,TOTAL,N_GE1,TOTAL,WORLD,AVG_TRP,EUR,LV,2018,58.03,
ESTAT:TOUR_DEM_EXTR(1.0),15/01/24 23:00:00,A,TOTAL,N_GE1,TOTAL,WORLD,AVG_TRP,EUR,LV,2019,73.48,
ESTAT:TOUR_DEM_EXTR(1.0),15/01/24 23:00:00,A,TOTAL,N_GE1,TOTAL,WORLD,AVG_TRP,EUR,LV,2020,47.31,
ESTAT:TOUR_DEM_EXTR(1.0),15/01/24 23:00:00,A,TOTAL,N_GE1,TOTAL,WORLD,AVG_TRP,EUR,LV,2021,54.54,
ESTAT:TOUR_DEM_EXTR(1.0),15/01/24 23:00:00,A,TOTAL,N_GE1,TOTAL,WORLD,AVG_TRP,EUR,LV,2022,73.97,
ESTAT:TOUR_DEM_EXTR(1.0),15/01/24 23:00:00,A,TOTAL,N_GE1,TOTAL,WORLD,AVG_TRP,EUR,ME,2016,57.60,
ESTAT:TOUR_DEM_EXTR(1.0),15/01/24 23:00:00,A,TOTAL,N_GE1,TOTAL,WORLD,AVG_TRP,EUR,ME,2017,55.35,
ESTAT:TOUR_DEM_EXTR(1.0),15/01/24 23:00:00,A,TOTAL,N_GE1,TOTAL,WORLD,AVG_TRP,EUR,MK,2019,58.22,
ESTAT:TOUR_DEM_EXTR(1.0),15/01/24 23:00:00,A,TOTAL,N_GE1,TOTAL,WORLD,AVG_TRP,EUR,MK,2020,30.66,
ESTAT:TOUR_DEM_EXTR(1.0),15/01/24 23:00:00,A,TOTAL,N_GE1,TOTAL,WORLD,AVG_TRP,EUR,MK,2021,41.02,
ESTAT:TOUR_DEM_EXTR(1.0),15/01/24 23:00:00,A,TOTAL,N_GE1,TOTAL,WORLD,AVG_TRP,EUR,MT,2013,161.42,
ESTAT:TOUR_DEM_EXTR(1.0),15/01/24 23:00:00,A,TOTAL,N_GE1,TOTAL,WORLD,AVG_TRP,EUR,MT,2014,157.21,b
ESTAT:TOUR_DEM_EXTR(1.0),15/01/24 23:00:00,A,TOTAL,N_GE1,TOTAL,WORLD,AVG_TRP,EUR,MT,2015,156.72,
ESTAT:TOUR_DEM_EXTR(1.0),15/01/24 23:00:00,A,TOTAL,N_GE1,TOTAL,WORLD,AVG_TRP,EUR,MT,2016,119.19,
ESTAT:TOUR_DEM_EXTR(1.0),15/01/24 23:00:00,A,TOTAL,N_GE1,TOTAL,WORLD,AVG_TRP,EUR,MT,2017,135.74,
ESTAT:TOUR_DEM_EXTR(1.0),15/01/24 23:00:00,A,TOTAL,N_GE1,TOTAL,WORLD,AVG_TRP,EUR,MT,2018,140.49,
ESTAT:TOUR_DEM_EXTR(1.0),15/01/24 23:00:00,A,TOTAL,N_GE1,TOTAL,WORLD,AVG_TRP,EUR,MT,2019,153.76,
ESTAT:TOUR_DEM_EXTR(1.0),15/01/24 23:00:00,A,TOTAL,N_GE1,TOTAL,WORLD,AVG_TRP,EUR,MT,2020,74.91,
ESTAT:TOUR_DEM_EXTR(1.0),15/01/24 23:00:00,A,TOTAL,N_GE1,TOTAL,WORLD,AVG_TRP,EUR,MT,2021,74.99,
ESTAT:TOUR_DEM_EXTR(1.0),15/01/24 23:00:00,A,TOTAL,N_GE1,TOTAL,WORLD,AVG_TRP,EUR,MT,2022,130.39,
ESTAT:TOUR_DEM_EXTR(1.0),15/01/24 23:00:00,A,TOTAL,N_GE1,TOTAL,WORLD,AVG_TRP,EUR,NL,2013,121.30,
ESTAT:TOUR_DEM_EXTR(1.0),15/01/24 23:00:00,A,TOTAL,N_GE1,TOTAL,WORLD,AVG_TRP,EUR,NL,2014,114.33,
ESTAT:TOUR_DEM_EXTR(1.0),15/01/24 23:00:00,A,TOTAL,N_GE1,TOTAL,WORLD,AVG_TRP,EUR,NL,2015,114.36,
ESTAT:TOUR_DEM_EXTR(1.0),15/01/24 23:00:00,A,TOTAL,N_GE1,TOTAL,WORLD,AVG_TRP,EUR,NL,2016,114.82,
ESTAT:TOUR_DEM_EXTR(1.0),15/01/24 23:00:00,A,TOTAL,N_GE1,TOTAL,WORLD,AVG_TRP,EUR,NL,2017,150.33,
ESTAT:TOUR_DEM_EXTR(1.0),15/01/24 23:00:00,A,TOTAL,N_GE1,TOTAL,WORLD,AVG_TRP,EUR,NL,2018,146.91,
ESTAT:TOUR_DEM_EXTR(1.0),15/01/24 23:00:00,A,TOTAL,N_GE1,TOTAL,WORLD,AVG_TRP,EUR,NL,2019,153.60,
ESTAT:TOUR_DEM_EXTR(1.0),15/01/24 23:00:00,A,TOTAL,N_GE1,TOTAL,WORLD,AVG_TRP,EUR,NL,2020,73.47,
ESTAT:TOUR_DEM_EXTR(1.0),15/01/24 23:00:00,A,TOTAL,N_GE1,TOTAL,WORLD,AVG_TRP,EUR,NL,2021,106.78,
ESTAT:TOUR_DEM_EXTR(1.0),15/01/24 23:00:00,A,TOTAL,N_GE1,TOTAL,WORLD,AVG_TRP,EUR,NL,2022,160.49,
ESTAT:TOUR_DEM_EXTR(1.0),15/01/24 23:00:00,A,TOTAL,N_GE1,TOTAL,WORLD,AVG_TRP,EUR,NO,2013,246.00,
ESTAT:TOUR_DEM_EXTR(1.0),15/01/24 23:00:00,A,TOTAL,N_GE1,TOTAL,WORLD,AVG_TRP,EUR,NO,2014,256.73,
ESTAT:TOUR_DEM_EXTR(1.0),15/01/24 23:00:00,A,TOTAL,N_GE1,TOTAL,WORLD,AVG_TRP,EUR,NO,2015,278.25,
ESTAT:TOUR_DEM_EXTR(1.0),15/01/24 23:00:00,A,TOTAL,N_GE1,TOTAL,WORLD,AVG_TRP,EUR,NO,2016,299.68,
ESTAT:TOUR_DEM_EXTR(1.0),15/01/24 23:00:00,A,TOTAL,N_GE1,TOTAL,WORLD,AVG_TRP,EUR,NO,2017,298.62,
ESTAT:TOUR_DEM_EXTR(1.0),15/01/24 23:00:00,A,TOTAL,N_GE1,TOTAL,WORLD,AVG_TRP,EUR,NO,2018,240.04,
ESTAT:TOUR_DEM_EXTR(1.0),15/01/24 23:00:00,A,TOTAL,N_GE1,TOTAL,WORLD,AVG_TRP,EUR,NO,2021,118.84,
ESTAT:TOUR_DEM_EXTR(1.0),15/01/24 23:00:00,A,TOTAL,N_GE1,TOTAL,WORLD,AVG_TRP,EUR,PL,2013,72.88,
ESTAT:TOUR_DEM_EXTR(1.0),15/01/24 23:00:00,A,TOTAL,N_GE1,TOTAL,WORLD,AVG_TRP,EUR,PL,2014,52.48,b
ESTAT:TOUR_DEM_EXTR(1.0),15/01/24 23:00:00,A,TOTAL,N_GE1,TOTAL,WORLD,AVG_TRP,EUR,PL,2015,54.35,
ESTAT:TOUR_DEM_EXTR(1.0),15/01/24 23:00:00,A,TOTAL,N_GE1,TOTAL,WORLD,AVG_TRP,EUR,PL,2016,51.86,
ESTAT:TOUR_DEM_EXTR(1.0),15/01/24 23:00:00,A,TOTAL,N_GE1,TOTAL,WORLD,AVG_TRP,EUR,PL,2017,57.24,
ESTAT:TOUR_DEM_EXTR(1.0),15/01/24 23:00:00,A,TOTAL,N_GE1,TOTAL,WORLD,AVG_TRP,EUR,PL,2018,60.68,
ESTAT:TOUR_DEM_EXTR(1.0),15/01/24 23:00:00,A,TOTAL,N_GE1,TOTAL,WORLD,AVG_TRP,EUR,PL,2019,64.58,
ESTAT:TOUR_DEM_EXTR(1.0),15/01/24 23:00:00,A,TOTAL,N_GE1,TOTAL,WORLD,AVG_TRP,EUR,PL,2020,48.89,
ESTAT:TOUR_DEM_EXTR(1.0),15/01/24 23:00:00,A,TOTAL,N_GE1,TOTAL,WORLD,AVG_TRP,EUR,PL,2021,49.69,
ESTAT:TOUR_DEM_EXTR(1.0),15/01/24 23:00:00,A,TOTAL,N_GE1,TOTAL,WORLD,AVG_TRP,EUR,PL,2022,69.70,
ESTAT:TOUR_DEM_EXTR(1.0),15/01/24 23:00:00,A,TOTAL,N_GE1,TOTAL,WORLD,AVG_TRP,EUR,PT,2013,39.53,
ESTAT:TOUR_DEM_EXTR(1.0),15/01/24 23:00:00,A,TOTAL,N_GE1,TOTAL,WORLD,AVG_TRP,EUR,PT,2014,42.49,
ESTAT:TOUR_DEM_EXTR(1.0),15/01/24 23:00:00,A,TOTAL,N_GE1,TOTAL,WORLD,AVG_TRP,EUR,PT,2015,38.05,
ESTAT:TOUR_DEM_EXTR(1.0),15/01/24 23:00:00,A,TOTAL,N_GE1,TOTAL,WORLD,AVG_TRP,EUR,PT,2016,40.88,
ESTAT:TOUR_DEM_EXTR(1.0),15/01/24 23:00:00,A,TOTAL,N_GE1,TOTAL,WORLD,AVG_TRP,EUR,PT,2017,43.62,
ESTAT:TOUR_DEM_EXTR(1.0),15/01/24 23:00:00,A,TOTAL,N_GE1,TOTAL,WORLD,AVG_TRP,EUR,PT,2018,48.61,
ESTAT:TOUR_DEM_EXTR(1.0),15/01/24 23:00:00,A,TOTAL,N_GE1,TOTAL,WORLD,AVG_TRP,EUR,PT,2019,56.98,
ESTAT:TOUR_DEM_EXTR(1.0),15/01/24 23:00:00,A,TOTAL,N_GE1,TOTAL,WORLD,AVG_TRP,EUR,PT,2020,42.57,
ESTAT:TOUR_DEM_EXTR(1.0),15/01/24 23:00:00,A,TOTAL,N_GE1,TOTAL,WORLD,AVG_TRP,EUR,PT,2021,47.14,
ESTAT:TOUR_DEM_EXTR(1.0),15/01/24 23:00:00,A,TOTAL,N_GE1,TOTAL,WORLD,AVG_TRP,EUR,PT,2022,63.88,
ESTAT:TOUR_DEM_EXTR(1.0),15/01/24 23:00:00,A,TOTAL,N_GE1,TOTAL,WORLD,AVG_TRP,EUR,RO,2013,34.67,
ESTAT:TOUR_DEM_EXTR(1.0),15/01/24 23:00:00,A,TOTAL,N_GE1,TOTAL,WORLD,AVG_TRP,EUR,RO,2014,37.63,
ESTAT:TOUR_DEM_EXTR(1.0),15/01/24 23:00:00,A,TOTAL,N_GE1,TOTAL,WORLD,AVG_TRP,EUR,RO,2015,39.74,
ESTAT:TOUR_DEM_EXTR(1.0),15/01/24 23:00:00,A,TOTAL,N_GE1,TOTAL,WORLD,AVG_TRP,EUR,RO,2016,40.20,
ESTAT:TOUR_DEM_EXTR(1.0),15/01/24 23:00:00,A,TOTAL,N_GE1,TOTAL,WORLD,AVG_TRP,EUR,RO,2017,41.65,
ESTAT:TOUR_DEM_EXTR(1.0),15/01/24 23:00:00,A,TOTAL,N_GE1,TOTAL,WORLD,AVG_TRP,EUR,RO,2018,43.17,
ESTAT:TOUR_DEM_EXTR(1.0),15/01/24 23:00:00,A,TOTAL,N_GE1,TOTAL,WORLD,AVG_TRP,EUR,RO,2019,51.13,
ESTAT:TOUR_DEM_EXTR(1.0),15/01/24 23:00:00,A,TOTAL,N_GE1,TOTAL,WORLD,AVG_TRP,EUR,RO,2020,37.09,
ESTAT:TOUR_DEM_EXTR(1.0),15/01/24 23:00:00,A,TOTAL,N_GE1,TOTAL,WORLD,AVG_TRP,EUR,RO,2021,45.03,
ESTAT:TOUR_DEM_EXTR(1.0),15/01/24 23:00:00,A,TOTAL,N_GE1,TOTAL,WORLD,AVG_TRP,EUR,RO,2022,66.81,
ESTAT:TOUR_DEM_EXTR(1.0),15/01/24 23:00:00,A,TOTAL,N_GE1,TOTAL,WORLD,AVG_TRP,EUR,RS,2018,70.69,
ESTAT:TOUR_DEM_EXTR(1.0),15/01/24 23:00:00,A,TOTAL,N_GE1,TOTAL,WORLD,AVG_TRP,EUR,SE,2014,108.32,
ESTAT:TOUR_DEM_EXTR(1.0),15/01/24 23:00:00,A,TOTAL,N_GE1,TOTAL,WORLD,AVG_TRP,EUR,SE,2015,107.16,
ESTAT:TOUR_DEM_EXTR(1.0),15/01/24 23:00:00,A,TOTAL,N_GE1,TOTAL,WORLD,AVG_TRP,EUR,SE,2016,60.55,
ESTAT:TOUR_DEM_EXTR(1.0),15/01/24 23:00:00,A,TOTAL,N_GE1,TOTAL,WORLD,AVG_TRP,EUR,SE,2017,335.74,
ESTAT:TOUR_DEM_EXTR(1.0),15/01/24 23:00:00,A,TOTAL,N_GE1,TOTAL,WORLD,AVG_TRP,EUR,SE,2018,294.24,
ESTAT:TOUR_DEM_EXTR(1.0),15/01/24 23:00:00,A,TOTAL,N_GE1,TOTAL,WORLD,AVG_TRP,EUR,SE,2019,257.95,
ESTAT:TOUR_DEM_EXTR(1.0),15/01/24 23:00:00,A,TOTAL,N_GE1,TOTAL,WORLD,AVG_TRP,EUR,SE,2020,85.14,
ESTAT:TOUR_DEM_EXTR(1.0),15/01/24 23:00:00,A,TOTAL,N_GE1,TOTAL,WORLD,AVG_TRP,EUR,SE,2021,95.66,
ESTAT:TOUR_DEM_EXTR(1.0),15/01/24 23:00:00,A,TOTAL,N_GE1,TOTAL,WORLD,AVG_TRP,EUR,SE,2022,159.23,
ESTAT:TOUR_DEM_EXTR(1.0),15/01/24 23:00:00,A,TOTAL,N_GE1,TOTAL,WORLD,AVG_TRP,EUR,SI,2013,64.29,
ESTAT:TOUR_DEM_EXTR(1.0),15/01/24 23:00:00,A,TOTAL,N_GE1,TOTAL,WORLD,AVG_TRP,EUR,SI,2014,70.10,
ESTAT:TOUR_DEM_EXTR(1.0),15/01/24 23:00:00,A,TOTAL,N_GE1,TOTAL,WORLD,AVG_TRP,EUR,SI,2015,69.85,
ESTAT:TOUR_DEM_EXTR(1.0),15/01/24 23:00:00,A,TOTAL,N_GE1,TOTAL,WORLD,AVG_TRP,EUR,SI,2016,72.10,
ESTAT:TOUR_DEM_EXTR(1.0),15/01/24 23:00:00,A,TOTAL,N_GE1,TOTAL,WORLD,AVG_TRP,EUR,SI,2017,67.77,
ESTAT:TOUR_DEM_EXTR(1.0),15/01/24 23:00:00,A,TOTAL,N_GE1,TOTAL,WORLD,AVG_TRP,EUR,SI,2018,71.59,
ESTAT:TOUR_DEM_EXTR(1.0),15/01/24 23:00:00,A,TOTAL,N_GE1,TOTAL,WORLD,AVG_TRP,EUR,SI,2019,73.68,
ESTAT:TOUR_DEM_EXTR(1.0),15/01/24 23:00:00,A,TOTAL,N_GE1,TOTAL,WORLD,AVG_TRP,EUR,SI,2020,42.46,
ESTAT:TOUR_DEM_EXTR(1.0),15/01/24 23:00:00,A,TOTAL,N_GE1,TOTAL,WORLD,AVG_TRP,EUR,SI,2021,61.37,
ESTAT:TOUR_DEM_EXTR(1.0),15/01/24 23:00:00,A,TOTAL,N_GE1,TOTAL,WORLD,AVG_TRP,EUR,SI,2022,81.27,
ESTAT:TOUR_DEM_EXTR(1.0),15/01/24 23:00:00,A,TOTAL,N_GE1,TOTAL,WORLD,AVG_TRP,EUR,SK,2013,63.43,b
ESTAT:TOUR_DEM_EXTR(1.0),15/01/24 23:00:00,A,TOTAL,N_GE1,TOTAL,WORLD,AVG_TRP,EUR,SK,2014,65.22,
ESTAT:TOUR_DEM_EXTR(1.0),15/01/24 23:00:00,A,TOTAL,N_GE1,TOTAL,WORLD,AVG_TRP,EUR,SK,2015,65.38,
ESTAT:TOUR_DEM_EXTR(1.0),15/01/24 23:00:00,A,TOTAL,N_GE1,TOTAL,WORLD,AVG_TRP,EUR,SK,2016,51.67,
ESTAT:TOUR_DEM_EXTR(1.0),15/01/24 23:00:00,A,TOTAL,N_GE1,TOTAL,WORLD,AVG_TRP,EUR,SK,2017,65.45,
ESTAT:TOUR_DEM_EXTR(1.0),15/01/24 23:00:00,A,TOTAL,N_GE1,TOTAL,WORLD,AVG_TRP,EUR,SK,2018,56.88,
ESTAT:TOUR_DEM_EXTR(1.0),15/01/24 23:00:00,A,TOTAL,N_GE1,TOTAL,WORLD,AVG_TRP,EUR,SK,2019,63.30,
ESTAT:TOUR_DEM_EXTR(1.0),15/01/24 23:00:00,A,TOTAL,N_GE1,TOTAL,WORLD,AVG_TRP,EUR,SK,2020,31.30,
ESTAT:TOUR_DEM_EXTR(1.0),15/01/24 23:00:00,A,TOTAL,N_GE1,TOTAL,WORLD,AVG_TRP,EUR,SK,2021,43.47,
ESTAT:TOUR_DEM_EXTR(1.0),15/01/24 23:00:00,A,TOTAL,N_GE1,TOTAL,WORLD,AVG_TRP,EUR,SK,2022,56.76,
ESTAT:TOUR_DEM_EXTR(1.0),15/01/24 23:00:00,A,TOTAL,N_GE1,TOTAL,WORLD,AVG_TRP,EUR,UK,2013,130.02,
