DATAFLOW,LAST UPDATE,freq,accommod,duration,purpose,c_dest,statinfo,unit,geo,TIME_PERIOD,OBS_VALUE,OBS_FLAG
ESTAT:TOUR_DEM_EXAC(1.0),15/01/24 23:00:00,A,TOTAL,N_GE1,TOTAL,WORLD,AVG_NGT,EUR,AL,2017,4.34,
ESTAT:TOUR_DEM_EXAC(1.0),15/01/24 23:00:00,A,TOTAL,N_GE1,TOTAL,WORLD,AVG_NGT,EUR,AL,2019,6.27,
ESTAT:TOUR_DEM_EXAC(1.0),15/01/24 23:00:00,A,TOTAL,N_GE1,TOTAL,WORLD,AVG_NGT,EUR,AL,2020,11.03,
ESTAT:TOUR_DEM_EXAC(1.0),15/01/24 23:00:00,A,TOTAL,N_GE1,TOTAL,WORLD,AVG_NGT,EUR,AT,2013,58.14,
ESTAT:TOUR_DEM_EXAC(1.0),15/01/24 23:00:00,A,TOTAL,N_GE1,TOTAL,WORLD,AVG_NGT,EUR,AT,2014,52.51,
ESTAT:TOUR_DEM_EXAC(1.0),15/01/24 23:00:00,A,TOTAL,N_GE1,TOTAL,WORLD,AVG_NGT,EUR,AT,2015,53.98,
ESTAT:TOUR_DEM_EXAC(1.0),15/01/24 23:00:00,A,TOTAL,N_GE1,TOTAL,WORLD,AVG_NGT,EUR,AT,2016,55.53,
ESTAT:TOUR_DEM_EXAC(1.0),15/01/24 23:00:00,A,TOTAL,N_GE1,TOTAL,WORLD,AVG_NGT,EUR,AT,2017,57.84,
ESTAT:TOUR_DEM_EXAC(1.0),15/01/24 23:00:00,A,TOTAL,N_GE1,TOTAL,WORLD,AVG_NGT,EUR,AT,2018,58.23,
ESTAT:TOUR_DEM_EXAC(1.0),15/01/24 23:00:00,A,TOTAL,N_GE1,TOTAL,WORLD,AVG_NGT,EUR,AT,2019,60.07,
ESTAT:TOUR_DEM_EXAC(1.0),15/01/24 23:00:00,A,TOTAL,N_GE1,TOTAL,WORLD,AVG_NGT,EUR,AT,2020,49.96,
ESTAT:TOUR_DEM_EXAC(1.0),15/01/24 23:00:00,A,TOTAL,N_GE1,TOTAL,WORLD,AVG_NGT,EUR,AT,2021,53.77,
ESTAT:TOUR_DEM_EXAC(1.0),15/01/24 23:00:00,A,TOTAL,N_GE1,TOTAL,WORLD,AVG_NGT,EUR,AT,2022,57.35,
ESTAT:TOUR_DEM_EXAC(1.0),15/01/24 23:00:00,A,TOTAL,N_GE1,TOTAL,WORLD,AVG_NGT,EUR,BE,2013,36.93,
ESTAT:TOUR_DEM_EXAC(1.0),15/01/24 23:00:00,A,TOTAL,N_GE1,TOTAL,WORLD,AVG_NGT,EUR,BE,2014,32.04,
ESTAT:TOUR_DEM_EXAC(1.0),15/01/24 23:00:00,A,TOTAL,N_GE1,TOTAL,WORLD,AVG_NGT,EUR,BE,2015,32.81,
ESTAT:TOUR_DEM_EXAC(1.0),15/01/24 23:00:00,A,TOTAL,N_GE1,TOTAL,WORLD,AVG_NGT,EUR,BE,2016,30.05,
ESTAT:TOUR_DEM_EXAC(1.0),15/01/24 23:00:00,A,TOTAL,N_GE1,TOTAL,WORLD,AVG_NGT,EUR,BE,2017,41.11,b
ESTAT:TOUR_DEM_EXAC(1.0),15/01/24 23:00:00,A,TOTAL,N_GE1,TOTAL,WORLD,AVG_NGT,EUR,BE,2018,38.77,
ESTAT:TOUR_DEM_EXAC(1.0),15/01/24 23:00:00,A,TOTAL,N_GE1,TOTAL,WORLD,AVG_NGT,EUR,BE,2019,40.46,
ESTAT:TOUR_DEM_EXAC(1.0),15/01/24 23:00:00,A,TOTAL,N_GE1,TOTAL,WORLD,AVG_NGT,EUR,BE,2020,26.77,
ESTAT:TOUR_DEM_EXAC(1.0),15/01/24 23:00:00,A,TOTAL,N_GE1,TOTAL,WORLD,AVG_NGT,EUR,BE,2021,27.31,
ESTAT:TOUR_DEM_EXAC(1.0),15/01/24 23:00:00,A,TOTAL,N_GE1,TOTAL,WORLD,AVG_NGT,EUR,BE,2022,36.54,
ESTAT:TOUR_DEM_EXAC(1.0),15/01/24 23:00:00,A,TOTAL,N_GE1,TOTAL,WORLD,AVG_NGT,EUR,BG,2013,7.59,
ESTAT:TOUR_DEM_EXAC(1.0),15/01/24 23:00:00,A,TOTAL,N_GE1,TOTAL,WORLD,AVG_NGT,EUR,BG,2014,9.57,
ESTAT:TOUR_DEM_EXAC(1.0),15/01/24 23:00:00,A,TOTAL,N_GE1,TOTAL,WORLD,AVG_NGT,EUR,BG,2015,9.09,
ESTAT:TOUR_DEM_EXAC(1.0),15/01/24 23:00:00,A,TOTAL,N_GE1,TOTAL,WORLD,AVG_NGT,EUR,BG,2016,9.00,
ESTAT:TOUR_DEM_EXAC(1.0),15/01/24 23:00:00,A,TOTAL,N_GE1,TOTAL,WORLD,AVG_NGT,EUR,BG,2017,9.18,
ESTAT:TOUR_DEM_EXAC(1.0),15/01/24 23:00:00,A,TOTAL,N_GE1,TOTAL,WORLD,AVG_NGT,EUR,BG,2018,10.45,
ESTAT:TOUR_DEM_EXAC(1.0),15/01/24 23:00:00,A,TOTAL,N_GE1,TOTAL,WORLD,AVG_NGT,EUR,BG,2019,11.02,
ESTAT:TOUR_DEM_EXAC(1.0),15/01/24 23:00:00,A,TOTAL,N_GE1,TOTAL,WORLD,AVG_NGT,EUR,BG,2020,12.91,
ESTAT:TOUR_DEM_EXAC(1.0),15/01/24 23:00:00,A,TOTAL,N_GE1,TOTAL,WORLD,AVG_NGT,EUR,BG,2021,15.66,
ESTAT:TOUR_DEM_EXAC(1.0),15/01/24 23:00:00,A,TOTAL,N_GE1,TOTAL,WORLD,AVG_NGT,EUR,BG,2022,21.47,
ESTAT:TOUR_DEM_EXAC(1.0),15/01/24 23:00:00,A,TOTAL,N_GE1,TOTAL,WORLD,AVG_NGT,EUR,CH,2013,46.22,
ESTAT:TOUR_DEM_EXAC(1.0),15/01/24 23:00:00,A,TOTAL,N_GE1,TOTAL,WORLD,AVG_NGT,EUR,CH,2014,41.98,
ESTAT:TOUR_DEM_EXAC(1.0),15/01/24 23:00:00,A,TOTAL,N_GE1,TOTAL,WORLD,AVG_NGT,EUR,CH,2015,42.89,
ESTAT:TOUR_DEM_EXAC(1.0),15/01/24 23:00:00,A,TOTAL,N_GE1,TOTAL,WORLD,AVG_NGT,EUR,CH,2016,45.23,
ESTAT:TOUR_DEM_EXAC(1.0),15/01/24 23:00:00,A,TOTAL,N_GE1,TOTAL,WORLD,AVG_NGT,EUR,CH,2017,43.10,
ESTAT:TOUR_DEM_EXAC(1.0),15/01/24 23:00:00,A,TOTAL,N_GE1,TOTAL,WORLD,AVG_NGT,EUR,CH,2018,44.18,
ESTAT:TOUR_DEM_EXAC(1.0),15/01/24 23:00:00,A,TOTAL,N_GE1,TOTAL,WORLD,AVG_NGT,EUR,CH,2019,44.54,
ESTAT:TOUR_DEM_EXAC(1.0),15/01/24 23:00:00,A,TOTAL,N_GE1,TOTAL,WORLD,AVG_NGT,EUR,CH,2020,38.05,
ESTAT:TOUR_DEM_EXAC(1.0),15/01/24 23:00:00,A,TOTAL,N_GE1,TOTAL,WORLD,AVG_NGT,EUR,CH,2021,52.76,
ESTAT:TOUR_DEM_EXAC(1.0),15/01/24 23:00:00,A,TOTAL,N_GE1,TOTAL,WORLD,AVG_NGT,EUR,CY,2013,15.56,b
ESTAT:TOUR_DEM_EXAC(1.0),15/01/24 23:00:00,A,TOTAL,N_GE1,TOTAL,WORLD,AVG_NGT,EUR,CY,2014,15.41,
ESTAT:TOUR_DEM_EXAC(1.0),15/01/24 23:00:00,A,TOTAL,N_GE1,TOTAL,WORLD,AVG_NGT,EUR,CY,2015,17.06,
ESTAT:TOUR_DEM_EXAC(1.0),15/01/24 23:00:00,A,TOTAL,N_GE1,TOTAL,WORLD,AVG_NGT,EUR,CY,2016,17.64,
ESTAT:TOUR_DEM_EXAC(1.0),15/01/24 23:00:00,A,TOTAL,N_GE1,TOTAL,WORLD,AVG_NGT,EUR,CY,2017,20.19,
ESTAT:TOUR_DEM_EXAC(1.0),15/01/24 23:00:00,A,TOTAL,N_GE1,TOTAL,WORLD,AVG_NGT,EUR,CY,2018,22.66,
ESTAT:TOUR_DEM_EXAC(1.0),15/01/24 23:00:00,A,TOTAL,N_GE1,TOTAL,WORLD,AVG_NGT,EUR,CY,2019,26.01,
ESTAT:TOUR_DEM_EXAC(1.0),15/01/24 23:00:00,A,TOTAL,N_GE1,TOTAL,WORLD,AVG_NGT,EUR,CY,2020,18.68,
ESTAT:TOUR_DEM_EXAC(1.0),15/01/24 23:00:00,A,TOTAL,N_GE1,TOTAL,WORLD,AVG_NGT,EUR,CY,2021,21.10,
ESTAT:TOUR_DEM_EXAC(1.0),15/01/24 23:00:00,A,TOTAL,N_GE1,TOTAL,WORLD,AVG_NGT,EUR,CY,2022,30.81,
ESTAT:TOUR_DEM_EXAC(1.0),15/01/24 23:00:00,A,TOTAL,N_GE1,TOTAL,WORLD,AVG_NGT,EUR,CZ,2013,7.38,
ESTAT:TOUR_DEM_EXAC(1.0),15/01/24 23:00:00,A,TOTAL,N_GE1,TOTAL,WORLD,AVG_NGT,EUR,CZ,2014,6.25,
ESTAT:TOUR_DEM_EXAC(1.0),15/01/24 23:00:00,A,TOTAL,N_GE1,TOTAL,WORLD,AVG_NGT,EUR,CZ,2015,7.86,
ESTAT:TOUR_DEM_EXAC(1.0),15/01/24 23:00:00,A,TOTAL,N_GE1,TOTAL,WORLD,AVG_NGT,EUR,CZ,2016,8.71,
ESTAT:TOUR_DEM_EXAC(1.0),15/01/24 23:00:00,A,TOTAL,N_GE1,TOTAL,WORLD,AVG_NGT,EUR,CZ,2017,9.73,
ESTAT:TOUR_DEM_EXAC(1.0),15/01/24 23:00:00,A,TOTAL,N_GE1,TOTAL,WORLD,AVG_NGT,EUR,CZ,2018,11.19,
ESTAT:TOUR_DEM_EXAC(1.0),15/01/24 23:00:00,A,TOTAL,N_GE1,TOTAL,WORLD,AVG_NGT,EUR,CZ,2019,10.90,
ESTAT:TOUR_DEM_EXAC(1.0),15/01/24 23:00:00,A,TOTAL,N_GE1,TOTAL,WORLD,AVG_NGT,EUR,CZ,2020,7.89,
ESTAT:TOUR_DEM_EXAC(1.0),15/01/24 23:00:00,A,TOTAL,N_GE1,TOTAL,WORLD,AVG_NGT,EUR,CZ,2021,9.32,
ESTAT:TOUR_DEM_EXAC(1.0),15/01/24 23:00:00,A,TOTAL,N_GE1,TOTAL,WORLD,AVG_NGT,EUR,CZ,2022,14.28,
ESTAT:TOUR_DEM_EXAC(1.0),15/01/24 23:00:00,A,TOTAL,N_GE1,TOTAL,WORLD,AVG_NGT,EUR,DE,2013,38.83,
ESTAT:TOUR_DEM_EXAC(1.0),15/01/24 23:00:00,A,TOTAL,N_GE1,TOTAL,WORLD,AVG_NGT,EUR,DE,2014,36.54,
ESTAT:TOUR_DEM_EXAC(1.0),15/01/24 23:00:00,A,TOTAL,N_GE1,TOTAL,WORLD,AVG_NGT,EUR,DE,2015,34.78,
ESTAT:TOUR_DEM_EXAC(1.0),15/01/24 23:00:00,A,TOTAL,N_GE1,TOTAL,WORLD,AVG_NGT,EUR,DE,2016,37.10,
ESTAT:TOUR_DEM_EXAC(1.0),15/01/24 23:00:00,A,TOTAL,N_GE1,TOTAL,WORLD,AVG_NGT,EUR,DE,2017,40.08,
ESTAT:TOUR_DEM_EXAC(1.0),15/01/24 23:00:00,A,TOTAL,N_GE1,TOTAL,WORLD,AVG_NGT,EUR,DE,2018,43.18,
ESTAT:TOUR_DEM_EXAC(1.0),15/01/24 23:00:00,A,TOTAL,N_GE1,TOTAL,WORLD,AVG_NGT,EUR,DE,2019,41.00,
ESTAT:TOUR_DEM_EXAC(1.0),15/01/24 23:00:00,A,TOTAL,N_GE1,TOTAL,WORLD,AVG_NGT,EUR,DE,2020,29.71,
ESTAT:TOUR_DEM_EXAC(1.0),15/01/24 23:00:00,A,TOTAL,N_GE1,TOTAL,WORLD,AVG_NGT,EUR,DE,2021,36.50,
ESTAT:TOUR_DEM_EXAC(1.0),15/01/24 23:00:00,A,TOTAL,N_GE1,TOTAL,WORLD,AVG_NGT,EUR,DE,2022,45.89,
ESTAT:TOUR_DEM_EXAC(1.0),15/01/24 23:00:00,A,TOTAL,N_GE1,TOTAL,WORLD,AVG_NGT,EUR,DK,2013,32.61,b
ESTAT:TOUR_DEM_EXAC(1.0),15/01/24 23:00:00,A,TOTAL,N_GE1,TOTAL,WORLD,AVG_NGT,EUR,DK,2014,37.20,b
ESTAT:TOUR_DEM_EXAC(1.0),15/01/24 23:00:00,A,TOTAL,N_GE1,TOTAL,WORLD,AVG_NGT,EUR,DK,2015,34.78,
ESTAT:TOUR_DEM_EXAC(1.0),15/01/24 23:00:00,A,TOTAL,N_GE1,TOTAL,WORLD,AVG_NGT,EUR,DK,2016,46.10,
ESTAT:TOUR_DEM_EXAC(1.0),15/01/24 23:00:00,A,TOTAL,N_GE1,TOTAL,WORLD,AVG_NGT,EUR,DK,2017,46.86,
ESTAT:TOUR_DEM_EXAC(1.0),15/01/24 23:00:00,A,TOTAL,N_GE1,TOTAL,WORLD,AVG_NGT,EUR,DK,2018,55.09,
ESTAT:TOUR_DEM_EXAC(1.0),15/01/24 23:00:00,A,TOTAL,N_GE1,TOTAL,WORLD,AVG_NGT,EUR,DK,2019,41.17,
ESTAT:TOUR_DEM_EXAC(1.0),15/01/24 23:00:00,A,TOTAL,N_GE1,TOTAL,WORLD,AVG_NGT,EUR,DK,2020,23.52,
ESTAT:TOUR_DEM_EXAC(1.0),15/01/24 23:00:00,A,TOTAL,N_GE1,TOTAL,WORLD,AVG_NGT,EUR,DK,2021,26.07,
ESTAT:TOUR_DEM_EXAC(1.0),15/01/24 23:00:00,A,TOTAL,N_GE1,TOTAL,WORLD,AVG_NGT,EUR,EA20,2013,24.05,
ESTAT:TOUR_DEM_EXAC(1.0),15/01/24 23:00:00,A,TOTAL,N_GE1,TOTAL,WORLD,AVG_NGT,EUR,EA20,2014,23.22,
ESTAT:TOUR_DEM_EXAC(1.0),15/01/24 23:00:00,A,TOTAL,N_GE1,TOTAL,WORLD,AVG_NGT,EUR,EA20,2015,24.26,
ESTAT:TOUR_DEM_EXAC(1.0),15/01/24 23:00:00,A,TOTAL,N_GE1,TOTAL,WORLD,AVG_NGT,EUR,EA20,2016,25.92,
ESTAT:TOUR_DEM_EXAC(1.0),15/01/24 23:00:00,A,TOTAL,N_GE1,TOTAL,WORLD,AVG_NGT,EUR,EA20,2017,28.28,
ESTAT:TOUR_DEM_EXAC(1.0),15/01/24 23:00:00,A,TOTAL,N_GE1,TOTAL,WORLD,AVG_NGT,EUR,EA20,2018,29.85,
ESTAT:TOUR_DEM_EXAC(1.0),15/01/24 23:00:00,A,TOTAL,N_GE1,TOTAL,WORLD,AVG_NGT,EUR,EA20,2019,29.97,
ESTAT:TOUR_DEM_EXAC(1.0),15/01/24 23:00:00,A,TOTAL,N_GE1,TOTAL,WORLD,AVG_NGT,EUR,EA20,2020,22.19,
ESTAT:TOUR_DEM_EXAC(1.0),15/01/24 23:00:00,A,TOTAL,N_GE1,TOTAL,WORLD,AVG_NGT,EUR,EA20,2021,25.34,
ESTAT:TOUR_DEM_EXAC(1.0),15/01/24 23:00:00,A,TOTAL,N_GE1,TOTAL,WORLD,AVG_NGT,EUR,EA20,2022,33.02,
ESTAT:TOUR_DEM_EXAC(1.0),15/01/24 23:00:00,A,TOTAL,N_GE1,TOTAL,WORLD,AVG_NGT,EUR,EE,2013,19.56,
ESTAT:TOUR_DEM_EXAC(1.0),15/01/24 23:00:00,A,TOTAL,N_GE1,TOTAL,WORLD,AVG_NGT,EUR,EE,2014,23.12,
ESTAT:TOUR_DEM_EXAC(1.0),15/01/24 23:00:00,A,TOTAL,N_GE1,TOTAL,WORLD,AVG_NGT,EUR,EE,2015,15.04,
ESTAT:TOUR_DEM_EXAC(1.0),15/01/24 23:00:00,A,TOTAL,N_GE1,TOTAL,WORLD,AVG_NGT,EUR,EE,2016,18.44,
ESTAT:TOUR_DEM_EXAC(1.0),15/01/24 23:00:00,A,TOTAL,N_GE1,TOTAL,WORLD,AVG_NGT,EUR,EE,2017,20.30,
ESTAT:TOUR_DEM_EXAC(1.0),15/01/24 23:00:00,A,TOTAL,N_GE1,TOTAL,WORLD,AVG_NGT,EUR,EE,2018,28.21,
ESTAT:TOUR_DEM_EXAC(1.0),15/01/24 23:00:00,A,TOTAL,N_GE1,TOTAL,WORLD,AVG_NGT,EUR,EE,2019,31.11,
ESTAT:TOUR_DEM_EXAC(1.0),15/01/24 23:00:00,A,TOTAL,N_GE1,TOTAL,WORLD,AVG_NGT,EUR,EE,2020,25.85,
ESTAT:TOUR_DEM_EXAC(1.0),15/01/24 23:00:00,A,TOTAL,N_GE1,TOTAL,WORLD,AVG_NGT,EUR,EE,2021,28.76,
ESTAT:TOUR_DEM_EXAC(1.0),15/01/24 23:00:00,A,TOTAL,N_GE1,TOTAL,WORLD,AVG_NGT,EUR,EE,2022,42.60,
ESTAT:TOUR_DEM_EXAC(1.0),15/01/24 23:00:00,A,TOTAL,N_GE1,TOTAL,WORLD,AVG_NGT,EUR,EL,2013,5.10,
ESTAT:TOUR_DEM_EXAC(1.0),15/01/24 23:00:00,A,TOTAL,N_GE1,TOTAL,WORLD,AVG_NGT,EUR,EL,2014,4.92,
ESTAT:TOUR_DEM_EXAC(1.0),15/01/24 23:00:00,A,TOTAL,N_GE1,TOTAL,WORLD,AVG_NGT,EUR,EL,2015,5.12,
ESTAT:TOUR_DEM_EXAC(1.0),15/01/24 23:00:00,A,TOTAL,N_GE1,TOTAL,WORLD,AVG_NGT,EUR,EL,2016,5.66,
ESTAT:TOUR_DEM_EXAC(1.0),15/01/24 23:00:00,A,TOTAL,N_GE1,TOTAL,WORLD,AVG_NGT,EUR,EL,2017,5.49,
ESTAT:TOUR_DEM_EXAC(1.0),15/01/24 23:00:00,A,TOTAL,N_GE1,TOTAL,WORLD,AVG_NGT,EUR,EL,2018,6.01,
ESTAT:TOUR_DEM_EXAC(1.0),15/01/24 23:00:00,A,TOTAL,N_GE1,TOTAL,WORLD,AVG_NGT,EUR,EL,2019,7.10,
ESTAT:TOUR_DEM_EXAC(1.0),15/01/24 23:00:00,A,TOTAL,N_GE1,TOTAL,WORLD,AVG_NGT,EUR,EL,2020,5.15,
ESTAT:TOUR_DEM_EXAC(1.0),15/01/24 23:00:00,A,TOTAL,N_GE1,TOTAL,WORLD,AVG_NGT,EUR,EL,2021,6.60,
ESTAT:TOUR_DEM_EXAC(1.0),15/01/24 23:00:00,A,TOTAL,N_GE1,TOTAL,WORLD,AVG_NGT,EUR,EL,2022,9.58,
ESTAT:TOUR_DEM_EXAC(1.0),15/01/24 23:00:00,A,TOTAL,N_GE1,TOTAL,WORLD,AVG_NGT,EUR,ES,2013,8.60,
ESTAT:TOUR_DEM_EXAC(1.0),15/01/24 23:00:00,A,TOTAL,N_GE1,TOTAL,WORLD,AVG_NGT,EUR,ES,2014,8.55,
ESTAT:TOUR_DEM_EXAC(1.0),15/01/24 23:00:00,A,TOTAL,N_GE1,TOTAL,WORLD,AVG_NGT,EUR,ES,2015,13.11,b
ESTAT:TOUR_DEM_EXAC(1.0),15/01/24 23:00:00,A,TOTAL,N_GE1,TOTAL,WORLD,AVG_NGT,EUR,ES,2016,15.00,
ESTAT:TOUR_DEM_EXAC(1.0),15/01/24 23:00:00,A,TOTAL,N_GE1,TOTAL,WORLD,AVG_NGT,EUR,ES,2017,15.86,
ESTAT:TOUR_DEM_EXAC(1.0),15/01/24 23:00:00,A,TOTAL,N_GE1,TOTAL,WORLD,AVG_NGT,EUR,ES,2018,17.64,
ESTAT:TOUR_DEM_EXAC(1.0),15/01/24 23:00:00,A,TOTAL,N_GE1,TOTAL,WORLD,AVG_NGT,EUR,ES,2019,18.15,
ESTAT:TOUR_DEM_EXAC(1.0),15/01/24 23:00:00,A,TOTAL,N_GE1,TOTAL,WORLD,AVG_NGT,EUR,ES,2020,11.54,
ESTAT:TOUR_DEM_EXAC(1.0),15/01/24 23:00:00,A,TOTAL,N_GE1,TOTAL,WORLD,AVG_NGT,EUR,ES,2021,15.22,
ESTAT:TOUR_DEM_EXAC(1.0),15/01/24 23:00:00,A,TOTAL,N_GE1,TOTAL,WORLD,AVG_NGT,EUR,ES,2022,20.19,
ESTAT:TOUR_DEM_EXAC(1.0),15/01/24 23:00:00,A,TOTAL,N_GE1,TOTAL,WORLD,AVG_NGT,EUR,EU27_2020,2013,22.72,e
ESTAT:TOUR_DEM_EXAC(1.0),15/01/24 23:00:00,A,TOTAL,N_GE1,TOTAL,WORLD,AVG_NGT,EUR,EU27_2020,2014,21.68,
ESTAT:TOUR_DEM_EXAC(1.0),15/01/24 23:00:00,A,TOTAL,N_GE1,TOTAL,WORLD,AVG_NGT,EUR,EU27_2020,2015,22.71,
ESTAT:TOUR_DEM_EXAC(1.0),15/01/24 23:00:00,A,TOTAL,N_GE1,TOTAL,WORLD,AVG_NGT,EUR,EU27_2020,2016,24.33,
ESTAT:TOUR_DEM_EXAC(1.0),15/01/24 23:00:00,A,TOTAL,N_GE1,TOTAL,WORLD,AVG_NGT,EUR,EU27_2020,2017,27.18,
ESTAT:TOUR_DEM_EXAC(1.0),15/01/24 23:00:00,A,TOTAL,N_GE1,TOTAL,WORLD,AVG_NGT,EUR,EU27_2020,2018,28.44,
ESTAT:TOUR_DEM_EXAC(1.0),15/01/24 23:00:00,A,TOTAL,N_GE1,TOTAL,WORLD,AVG_NGT,EUR,EU27_2020,2019,28.35,
ESTAT:TOUR_DEM_EXAC(1.0),15/01/24 23:00:00,A,TOTAL,N_GE1,TOTAL,WORLD,AVG_NGT,EUR,EU27_2020,2020,20.70,
ESTAT:TOUR_DEM_EXAC(1.0),15/01/24 23:00:00,A,TOTAL,N_GE1,TOTAL,WORLD,AVG_NGT,EUR,EU27_2020,2021,23.57,
ESTAT:TOUR_DEM_EXAC(1.0),15/01/24 23:00:00,A,TOTAL,N_GE1,TOTAL,WORLD,AVG_NGT,EUR,EU27_2020,2022,30.87,e
ESTAT:TOUR_DEM_EXAC(1.0),15/01/24 23:00:00,A,TOTAL,N_GE1,TOTAL,WORLD,AVG_NGT,EUR,FI,2013,24.12,
ESTAT:TOUR_DEM_EXAC(1.0),15/01/24 23:00:00,A,TOTAL,N_GE1,TOTAL,WORLD,AVG_NGT,EUR,FI,2014,24.20,
ESTAT:TOUR_DEM_EXAC(1.0),15/01/24 23:00:00,A,TOTAL,N_GE1,TOTAL,WORLD,AVG_NGT,EUR,FI,2015,24.37,
ESTAT:TOUR_DEM_EXAC(1.0),15/01/24 23:00:00,A,TOTAL,N_GE1,TOTAL,WORLD,AVG_NGT,EUR,FI,2016,25.13,
ESTAT:TOUR_DEM_EXAC(1.0),15/01/24 23:00:00,A,TOTAL,N_GE1,TOTAL,WORLD,AVG_NGT,EUR,FI,2017,26.20,
ESTAT:TOUR_DEM_EXAC(1.0),15/01/24 23:00:00,A,TOTAL,N_GE1,TOTAL,WORLD,AVG_NGT,EUR,FI,2018,27.67,
ESTAT:TOUR_DEM_EXAC(1.0),15/01/24 23:00:00,A,TOTAL,N_GE1,TOTAL,WORLD,AVG_NGT,EUR,FI,2019,28.93,
ESTAT:TOUR_DEM_EXAC(1.0),15/01/24 23:00:00,A,TOTAL,N_GE1,TOTAL,WORLD,AVG_NGT,EUR,FI,2020,14.90,
ESTAT:TOUR_DEM_EXAC(1.0),15/01/24 23:00:00,A,TOTAL,N_GE1,TOTAL,WORLD,AVG_NGT,EUR,FI,2021,12.65,
ESTAT:TOUR_DEM_EXAC(1.0),15/01/24 23:00:00,A,TOTAL,N_GE1,TOTAL,WORLD,AVG_NGT,EUR,FI,2022,25.55,
ESTAT:TOUR_DEM_EXAC(1.0),15/01/24 23:00:00,A,TOTAL,N_GE1,TOTAL,WORLD,AVG_NGT,EUR,FR,2013,16.24,
ESTAT:TOUR_DEM_EXAC(1.0),15/01/24 23:00:00,A,TOTAL,N_GE1,TOTAL,WORLD,AVG_NGT,EUR,FR,2014,16.87,
ESTAT:TOUR_DEM_EXAC(1.0),15/01/24 23:00:00,A,TOTAL,N_GE1,TOTAL,WORLD,AVG_NGT,EUR,FR,2015,17.20,
ESTAT:TOUR_DEM_EXAC(1.0),15/01/24 23:00:00,A,TOTAL,N_GE1,TOTAL,WORLD,AVG_NGT,EUR,FR,2016,18.37,
ESTAT:TOUR_DEM_EXAC(1.0),15/01/24 23:00:00,A,TOTAL,N_GE1,TOTAL,WORLD,AVG_NGT,EUR,FR,2017,19.71,
ESTAT:TOUR_DEM_EXAC(1.0),15/01/24 23:00:00,A,TOTAL,N_GE1,TOTAL,WORLD,AVG_NGT,EUR,FR,2018,20.38,
ESTAT:TOUR_DEM_EXAC(1.0),15/01/24 23:00:00,A,TOTAL,N_GE1,TOTAL,WORLD,AVG_NGT,EUR,FR,2019,20.85,
ESTAT:TOUR_DEM_EXAC(1.0),15/01/24 23:00:00,A,TOTAL,N_GE1,TOTAL,WORLD,AVG_NGT,EUR,FR,2020,18.86,
ESTAT:TOUR_DEM_EXAC(1.0),15/01/24 23:00:00,A,TOTAL,N_GE1,TOTAL,WORLD,AVG_NGT,EUR,FR,2021,20.19,
ESTAT:TOUR_DEM_EXAC(1.0),15/01/24 23:00:00,A,TOTAL,N_GE1,TOTAL,WORLD,AVG_NGT,EUR,FR,2022,25.31,
ESTAT:TOUR_DEM_EXAC(1.0),15/01/24 23:00:00,A,TOTAL,N_GE1,TOTAL,WORLD,AVG_NGT,EUR,HR,2013,10.88,
ESTAT:TOUR_DEM_EXAC(1.0),15/01/24 23:00:00,A,TOTAL,N_GE1,TOTAL,WORLD,AVG_NGT,EUR,HR,2014,9.62,
ESTAT:TOUR_DEM_EXAC(1.0),15/01/24 23:00:00,A,TOTAL,N_GE1,TOTAL,WORLD,AVG_NGT,EUR,HR,2015,11.32,
ESTAT:TOUR_DEM_EXAC(1.0),15/01/24 23:00:00,A,TOTAL,N_GE1,TOTAL,WORLD,AVG_NGT,EUR,HR,2016,12.53,
ESTAT:TOUR_DEM_EXAC(1.0),15/01/24 23:00:00,A,TOTAL,N_GE1,TOTAL,WORLD,AVG_NGT,EUR,HR,2017,15.40,
ESTAT:TOUR_DEM_EXAC(1.0),15/01/24 23:00:00,A,TOTAL,N_GE1,TOTAL,WORLD,AVG_NGT,EUR,HR,2018,16.87,
ESTAT:TOUR_DEM_EXAC(1.0),15/01/24 23:00:00,A,TOTAL,N_GE1,TOTAL,WORLD,AVG_NGT,EUR,HR,2019,14.34,
ESTAT:TOUR_DEM_EXAC(1.0),15/01/24 23:00:00,A,TOTAL,N_GE1,TOTAL,WORLD,AVG_NGT,EUR,HR,2020,10.55,
ESTAT:TOUR_DEM_EXAC(1.0),15/01/24 23:00:00,A,TOTAL,N_GE1,TOTAL,WORLD,AVG_NGT,EUR,HR,2021,13.54,
ESTAT:TOUR_DEM_EXAC(1.0),15/01/24 23:00:00,A,TOTAL,N_GE1,TOTAL,WORLD,AVG_NGT,EUR,HR,2022,18.81,
ESTAT:TOUR_DEM_EXAC(1.0),15/01/24 23:00:00,A,TOTAL,N_GE1,TOTAL,WORLD,AVG_NGT,EUR,HU,2013,10.04,
ESTAT:TOUR_DEM_EXAC(1.0),15/01/24 23:00:00,A,TOTAL,N_GE1,TOTAL,WORLD,AVG_NGT,EUR,HU,2014,10.26,
ESTAT:TOUR_DEM_EXAC(1.0),15/01/24 23:00:00,A,TOTAL,N_GE1,TOTAL,WORLD,AVG_NGT,EUR,HU,2015,10.96,
ESTAT:TOUR_DEM_EXAC(1.0),15/01/24 23:00:00,A,TOTAL,N_GE1,TOTAL,WORLD,AVG_NGT,EUR,HU,2016,11.41,
ESTAT:TOUR_DEM_EXAC(1.0),15/01/24 23:00:00,A,TOTAL,N_GE1,TOTAL,WORLD,AVG_NGT,EUR,HU,2017,13.01,
ESTAT:TOUR_DEM_EXAC(1.0),15/01/24 23:00:00,A,TOTAL,N_GE1,TOTAL,WORLD,AVG_NGT,EUR,HU,2018,13.06,
ESTAT:TOUR_DEM_EXAC(1.0),15/01/24 23:00:00,A,TOTAL,N_GE1,TOTAL,WORLD,AVG_NGT,EUR,HU,2019,13.27,
ESTAT:TOUR_DEM_EXAC(1.0),15/01/24 23:00:00,A,TOTAL,N_GE1,TOTAL,WORLD,AVG_NGT,EUR,HU,2020,12.59,
ESTAT:TOUR_DEM_EXAC(1.0),15/01/24 23:00:00,A,TOTAL,N_GE1,TOTAL,WORLD,AVG_NGT,EUR,HU,2021,13.64,
ESTAT:TOUR_DEM_EXAC(1.0),15/01/24 23:00:00,A,TOTAL,N_GE1,TOTAL,WORLD,AVG_NGT,EUR,HU,2022,18.94,
ESTAT:TOUR_DEM_EXAC(1.0),15/01/24 23:00:00,A,TOTAL,N_GE1,TOTAL,WORLD,AVG_NGT,EUR,IE,2013,28.35,
ESTAT:TOUR_DEM_EXAC(1.0),15/01/24 23:00:00,A,TOTAL,N_GE1,TOTAL,WORLD,AVG_NGT,EUR,IE,2014,30.75,
ESTAT:TOUR_DEM_EXAC(1.0),15/01/24 23:00:00,A,TOTAL,N_GE1,TOTAL,WORLD,AVG_NGT,EUR,IE,2015,33.71,
ESTAT:TOUR_DEM_EXAC(1.0),15/01/24 23:00:00,A,TOTAL,N_GE1,TOTAL,WORLD,AVG_NGT,EUR,IE,2016,34.98,
ESTAT:TOUR_DEM_EXAC(1.0),15/01/24 23:00:00,A,TOTAL,N_GE1,TOTAL,WORLD,AVG_NGT,EUR,IE,2017,36.85,
ESTAT:TOUR_DEM_EXAC(1.0),15/01/24 23:00:00,A,TOTAL,N_GE1,TOTAL,WORLD,AVG_NGT,EUR,IE,2018,37.18,
ESTAT:TOUR_DEM_EXAC(1.0),15/01/24 23:00:00,A,TOTAL,N_GE1,TOTAL,WORLD,AVG_NGT,EUR,IE,2019,39.39,
ESTAT:TOUR_DEM_EXAC(1.0),15/01/24 23:00:00,A,TOTAL,N_GE1,TOTAL,WORLD,AVG_NGT,EUR,IE,2020,37.98,
ESTAT:TOUR_DEM_EXAC(1.0),15/01/24 23:00:00,A,TOTAL,N_GE1,TOTAL,WORLD,AVG_NGT,EUR,IE,2021,37.77,
ESTAT:TOUR_DEM_EXAC(1.0),15/01/24 23:00:00,A,TOTAL,N_GE1,TOTAL,WORLD,AVG_NGT,EUR,IE,2022,47.55,
ESTAT:TOUR_DEM_EXAC(1.0),15/01/24 23:00:00,A,TOTAL,N_GE1,TOTAL,WORLD,AVG_NGT,EUR,IT,2013,23.81,
ESTAT:TOUR_DEM_EXAC(1.0),15/01/24 23:00:00,A,TOTAL,N_GE1,TOTAL,WORLD,AVG_NGT,EUR,IT,2014,19.81,b
ESTAT:TOUR_DEM_EXAC(1.0),15/01/24 23:00:00,A,TOTAL,N_GE1,TOTAL,WORLD,AVG_NGT,EUR,IT,2015,23.76,
ESTAT:TOUR_DEM_EXAC(1.0),15/01/24 23:00:00,A,TOTAL,N_GE1,TOTAL,WORLD,AVG_NGT,EUR,IT,2016,25.18,
ESTAT:TOUR_DEM_EXAC(1.0),15/01/24 23:00:00,A,TOTAL,N_GE1,TOTAL,WORLD,AVG_NGT,EUR,IT,2017,30.07,
ESTAT:TOUR_DEM_EXAC(1.0),15/01/24 23:00:00,A,TOTAL,N_GE1,TOTAL,WORLD,AVG_NGT,EUR,IT,2018,25.91,
ESTAT:TOUR_DEM_EXAC(1.0),15/01/24 23:00:00,A,TOTAL,N_GE1,TOTAL,WORLD,AVG_NGT,EUR,IT,2019,29.63,
ESTAT:TOUR_DEM_EXAC(1.0),15/01/24 23:00:00,A,TOTAL,N_GE1,TOTAL,WORLD,AVG_NGT,EUR,IT,2020,25.79,
ESTAT:TOUR_DEM_EXAC(1.0),15/01/24 23:00:00,A,TOTAL,N_GE1,TOTAL,WORLD,AVG_NGT,EUR,IT,2021,26.14,
ESTAT:TOUR_DEM_EXAC(1.0),15/01/24 23:00:00,A,TOTAL,N_GE1,TOTAL,WORLD,AVG_NGT,EUR,IT,2022,29.87,
ESTAT:TOUR_DEM_EXAC(1.0),15/01/24 23:00:00,A,TOTAL,N_GE1,TOTAL,WORLD,AVG_NGT,EUR,LT,2013,10.58,
ESTAT:TOUR_DEM_EXAC(1.0),15/01/24 23:00:00,A,TOTAL,N_GE1,TOTAL,WORLD,AVG_NGT,EUR,LT,2014,14.73,
ESTAT:TOUR_DEM_EXAC(1.0),15/01/24 23:00:00,A,TOTAL,N_GE1,TOTAL,WORLD,AVG_NGT,EUR,LT,2015,16.25,
ESTAT:TOUR_DEM_EXAC(1.0),15/01/24 23:00:00,A,TOTAL,N_GE1,TOTAL,WORLD,AVG_NGT,EUR,LT,2016,19.06,
ESTAT:TOUR_DEM_EXAC(1.0),15/01/24 23:00:00,A,TOTAL,N_GE1,TOTAL,WORLD,AVG_NGT,EUR,LT,2017,20.94,
ESTAT:TOUR_DEM_EXAC(1.0),15/01/24 23:00:00,A,TOTAL,N_GE1,TOTAL,WORLD,AVG_NGT,EUR,LT,2018,20.67,
ESTAT:TOUR_DEM_EXAC(1.0),15/01/24 23:00:00,A,TOTAL,N_GE1,TOTAL,WORLD,AVG_NGT,EUR,LT,2019,21.31,
ESTAT:TOUR_DEM_EXAC(1.0),15/01/24 23:00:00,A,TOTAL,N_GE1,TOTAL,WORLD,AVG_NGT,EUR,LT,2020,21.48,
ESTAT:TOUR_DEM_EXAC(1.0),15/01/24 23:00:00,A,TOTAL,N_GE1,TOTAL,WORLD,AVG_NGT,EUR,LT,2021,20.93,
ESTAT:TOUR_DEM_EXAC(1.0),15/01/24 23:00:00,A,TOTAL,N_GE1,TOTAL,WORLD,AVG_NGT,EUR,LT,2022,25.68,
ESTAT:TOUR_DEM_EXAC(1.0),15/01/24 23:00:00,A,TOTAL,N_GE1,TOTAL,WORLD,AVG_NGT,EUR,LU,2013,39.89,
ESTAT:TOUR_DEM_EXAC(1.0),15/01/24 23:00:00,A,TOTAL,N_GE1,TOTAL,WORLD,AVG_NGT,EUR,LU,2014,44.81,
ESTAT:TOUR_DEM_EXAC(1.0),15/01/24 23:00:00,A,TOTAL,N_GE1,TOTAL,WORLD,AVG_NGT,EUR,LU,2015,39.49,
ESTAT:TOUR_DEM_EXAC(1.0),15/01/24 23:00:00,A,TOTAL,N_GE1,TOTAL,WORLD,AVG_NGT,EUR,LU,2016,37.83,
ESTAT:TOUR_DEM_EXAC(1.0),15/01/24 23:00:00,A,TOTAL,N_GE1,TOTAL,WORLD,AVG_NGT,EUR,LU,2017,36.26,
ESTAT:TOUR_DEM_EXAC(1.0),15/01/24 23:00:00,A,TOTAL,N_GE1,TOTAL,WORLD,AVG_NGT,EUR,LU,2018,40.28,
ESTAT:TOUR_DEM_EXAC(1.0),15/01/24 23:00:00,A,TOTAL,N_GE1,TOTAL,WORLD,AVG_NGT,EUR,LU,2019,57.22,
ESTAT:TOUR_DEM_EXAC(1.0),15/01/24 23:00:00,A,TOTAL,N_GE1,TOTAL,WORLD,AVG_NGT,EUR,LU,2020,35.79,
ESTAT:TOUR_DEM_EXAC(1.0),15/01/24 23:00:00,A,TOTAL,N_GE1,TOTAL,WORLD,AVG_NGT,EUR,LU,2021,42.00,
ESTAT:TOUR_DEM_EXAC(1.0),15/01/24 23:00:00,A,TOTAL,N_GE1,TOTAL,WORLD,AVG_NGT,EUR,LU,2022,60.43,
ESTAT:TOUR_DEM_EXAC(1.0),15/01/24 23:00:00,A,TOTAL,N_GE1,TOTAL,WORLD,AVG_NGT,EUR,LV,2013,10.37,
ESTAT:TOUR_DEM_EXAC(1.0),15/01/24 23:00:00,A,TOTAL,N_GE1,TOTAL,WORLD,AVG_NGT,EUR,LV,2014,10.35,
ESTAT:TOUR_DEM_EXAC(1.0),15/01/24 23:00:00,A,TOTAL,N_GE1,TOTAL,WORLD,AVG_NGT,EUR,LV,2015,12.26,
ESTAT:TOUR_DEM_EXAC(1.0),15/01/24 23:00:00,A,TOTAL,N_GE1,TOTAL,WORLD,AVG_NGT,EUR,LV,2016,9.79,
ESTAT:TOUR_DEM_EXAC(1.0),15/01/24 23:00:00,A,TOTAL,N_GE1,TOTAL,WORLD,AVG_NGT,EUR,LV,2017,12.72,
ESTAT:TOUR_DEM_EXAC(1.0),15/01/24 23:00:00,A,TOTAL,N_GE1,TOTAL,WORLD,AVG_NGT,EUR,LV,2018,12.52,
ESTAT:TOUR_DEM_EXAC(1.0),15/01/24 23:00:00,A,TOTAL,N_GE1,TOTAL,WORLD,AVG_NGT,EUR,LV,2019,17.67,
ESTAT:TOUR_DEM_EXAC(1.0),15/01/24 23:00:00,A,TOTAL,N_GE1,TOTAL,WORLD,AVG_NGT,EUR,LV,2020,9.49,
ESTAT:TOUR_DEM_EXAC(1.0),15/01/24 23:00:00,A,TOTAL,N_GE1,TOTAL,WORLD,AVG_NGT,EUR,LV,2021,13.81,
ESTAT:TOUR_DEM_EXAC(1.0),15/01/24 23:00:00,A,TOTAL,N_GE1,TOTAL,WORLD,AVG_NGT,EUR,LV,2022,19.46,
ESTAT:TOUR_DEM_EXAC(1.0),15/01/24 23:00:00,A,TOTAL,N_GE1,TOTAL,WORLD,AVG_NGT,EUR,ME,2016,7.17,
ESTAT:TOUR_DEM_EXAC(1.0),15/01/24 23:00:00,A,TOTAL,N_GE1,TOTAL,WORLD,AVG_NGT,EUR,ME,2017,8.91,
ESTAT:TOUR_DEM_EXAC(1.0),15/01/24 23:00:00,A,TOTAL,N_GE1,TOTAL,WORLD,AVG_NGT,EUR,MK,2019,9.36,
ESTAT:TOUR_DEM_EXAC(1.0),15/01/24 23:00:00,A,TOTAL,N_GE1,TOTAL,WORLD,AVG_NGT,EUR,MK,2020,7.87,
ESTAT:TOUR_DEM_EXAC(1.0),15/01/24 23:00:00,A,TOTAL,N_GE1,TOTAL,WORLD,AVG_NGT,EUR,MK,2021,12.68,
ESTAT:TOUR_DEM_EXAC(1.0),15/01/24 23:00:00,A,TOTAL,N_GE1,TOTAL,WORLD,AVG_NGT,EUR,MT,2013,27.87,
ESTAT:TOUR_DEM_EXAC(1.0),15/01/24 23:00:00,A,TOTAL,N_GE1,TOTAL,WORLD,AVG_NGT,EUR,MT,2014,32.22,b
ESTAT:TOUR_DEM_EXAC(1.0),15/01/24 23:00:00,A,TOTAL,N_GE1,TOTAL,WORLD,AVG_NGT,EUR,MT,2015,37.66,
ESTAT:TOUR_DEM_EXAC(1.0),15/01/24 23:00:00,A,TOTAL,N_GE1,TOTAL,WORLD,AVG_NGT,EUR,MT,2016,31.69,
ESTAT:TOUR_DEM_EXAC(1.0),15/01/24 23:00:00,A,TOTAL,N_GE1,TOTAL,WORLD,AVG_NGT,EUR,MT,2017,35.39,
ESTAT:TOUR_DEM_EXAC(1.0),15/01/24 23:00:00,A,TOTAL,N_GE1,TOTAL,WORLD,AVG_NGT,EUR,MT,2018,40.53,
ESTAT:TOUR_DEM_EXAC(1.0),15/01/24 23:00:00,A,TOTAL,N_GE1,TOTAL,WORLD,AVG_NGT,EUR,MT,2019,43.51,
ESTAT:TOUR_DEM_EXAC(1.0),15/01/24 23:00:00,A,TOTAL,N_GE1,TOTAL,WORLD,AVG_NGT,EUR,MT,2020,28.98,
ESTAT:TOUR_DEM_EXAC(1.0),15/01/24 23:00:00,A,TOTAL,N_GE1,TOTAL,WORLD,AVG_NGT,EUR,MT,2021,32.41,
ESTAT:TOUR_DEM_EXAC(1.0),15/01/24 23:00:00,A,TOTAL,N_GE1,TOTAL,WORLD,AVG_NGT,EUR,MT,2022,39.42,
ESTAT:TOUR_DEM_EXAC(1.0),15/01/24 23:00:00,A,TOTAL,N_GE1,TOTAL,WORLD,AVG_NGT,EUR,NL,2013,22.01,
ESTAT:TOUR_DEM_EXAC(1.0),15/01/24 23:00:00,A,TOTAL,N_GE1,TOTAL,WORLD,AVG_NGT,EUR,NL,2014,21.30,
ESTAT:TOUR_DEM_EXAC(1.0),15/01/24 23:00:00,A,TOTAL,N_GE1,TOTAL,WORLD,AVG_NGT,EUR,NL,2015,21.95,
ESTAT:TOUR_DEM_EXAC(1.0),15/01/24 23:00:00,A,TOTAL,N_GE1,TOTAL,WORLD,AVG_NGT,EUR,NL,2016,23.08,
ESTAT:TOUR_DEM_EXAC(1.0),15/01/24 23:00:00,A,TOTAL,N_GE1,TOTAL,WORLD,AVG_NGT,EUR,NL,2017,29.14,
ESTAT:TOUR_DEM_EXAC(1.0),15/01/24 23:00:00,A,TOTAL,N_GE1,TOTAL,WORLD,AVG_NGT,EUR,NL,2018,30.06,
ESTAT:TOUR_DEM_EXAC(1.0),15/01/24 23:00:00,A,TOTAL,N_GE1,TOTAL,WORLD,AVG_NGT,EUR,NL,2019,30.25,
ESTAT:TOUR_DEM_EXAC(1.0),15/01/24 23:00:00,A,TOTAL,N_GE1,TOTAL,WORLD,AVG_NGT,EUR,NL,2020,26.83,
ESTAT:TOUR_DEM_EXAC(1.0),15/01/24 23:00:00,A,TOTAL,N_GE1,TOTAL,WORLD,AVG_NGT,EUR,NL,2021,25.81,
ESTAT:TOUR_DEM_EXAC(1.0),15/01/24 23:00:00,A,TOTAL,N_GE1,TOTAL,WORLD,AVG_NGT,EUR,NL,2022,32.11,
ESTAT:TOUR_DEM_EXAC(1.0),15/01/24 23:00:00,A,TOTAL,N_GE1,TOTAL,WORLD,AVG_NGT,EUR,NO,2013,36.54,
ESTAT:TOUR_DEM_EXAC(1.0),15/01/24 23:00:00,A,TOTAL,N_GE1,TOTAL,WORLD,AVG_NGT,EUR,NO,2014,33.31,
ESTAT:TOUR_DEM_EXAC(1.0),15/01/24 23:00:00,A,TOTAL,N_GE1,TOTAL,WORLD,AVG_NGT,EUR,NO,2015,37.07,
ESTAT:TOUR_DEM_EXAC(1.0),15/01/24 23:00:00,A,TOTAL,N_GE1,TOTAL,WORLD,AVG_NGT,EUR,NO,2016,40.07,
ESTAT:TOUR_DEM_EXAC(1.0),15/01/24 23:00:00,A,TOTAL,N_GE1,TOTAL,WORLD,AVG_NGT,EUR,NO,2017,43.12,
ESTAT:TOUR_DEM_EXAC(1.0),15/01/24 23:00:00,A,TOTAL,N_GE1,TOTAL,WORLD,AVG_NGT,EUR,NO,2018,30.03,
ESTAT:TOUR_DEM_EXAC(1.0),15/01/24 23:00:00,A,TOTAL,N_GE1,TOTAL,WORLD,AVG_NGT,EUR,NO,2021,23.55,
ESTAT:TOUR_DEM_EXAC(1.0),15/01/24 23:00:00,A,TOTAL,N_GE1,TOTAL,WORLD,AVG_NGT,EUR,PL,2013,17.16,
ESTAT:TOUR_DEM_EXAC(1.0),15/01/24 23:00:00,A,TOTAL,N_GE1,TOTAL,WORLD,AVG_NGT,EUR,PL,2014,9.10,b
ESTAT:TOUR_DEM_EXAC(1.0),15/01/24 23:00:00,A,TOTAL,N_GE1,TOTAL,WORLD,AVG_NGT,EUR,PL,2015,10.26,
ESTAT:TOUR_DEM_EXAC(1.0),15/01/24 23:00:00,A,TOTAL,N_GE1,TOTAL,WORLD,AVG_NGT,EUR,PL,2016,10.40,
ESTAT:TOUR_DEM_EXAC(1.0),15/01/24 23:00:00,A,TOTAL,N_GE1,TOTAL,WORLD,AVG_NGT,EUR,PL,2017,11.09,
ESTAT:TOUR_DEM_EXAC(1.0),15/01/24 23:00:00,A,TOTAL,N_GE1,TOTAL,WORLD,AVG_NGT,EUR,PL,2018,12.02,
ESTAT:TOUR_DEM_EXAC(1.0),15/01/24 23:00:00,A,TOTAL,N_GE1,TOTAL,WORLD,AVG_NGT,EUR,PL,2019,12.42,
ESTAT:TOUR_DEM_EXAC(1.0),15/01/24 23:00:00,A,TOTAL,N_GE1,TOTAL,WORLD,AVG_NGT,EUR,PL,2020,11.69,
ESTAT:TOUR_DEM_EXAC(1.0),15/01/24 23:00:00,A,TOTAL,N_GE1,TOTAL,WORLD,AVG_NGT,EUR,PL,2021,11.84,
ESTAT:TOUR_DEM_EXAC(1.0),15/01/24 23:00:00,A,TOTAL,N_GE1,TOTAL,WORLD,AVG_NGT,EUR,PL,2022,13.47,
ESTAT:TOUR_DEM_EXAC(1.0),15/01/24 23:00:00,A,TOTAL,N_GE1,TOTAL,WORLD,AVG_NGT,EUR,PT,2013,4.78,
ESTAT:TOUR_DEM_EXAC(1.0),15/01/24 23:00:00,A,TOTAL,N_GE1,TOTAL,WORLD,AVG_NGT,EUR,PT,2014,7.86,
ESTAT:TOUR_DEM_EXAC(1.0),15/01/24 23:00:00,A,TOTAL,N_GE1,TOTAL,WORLD,AVG_NGT,EUR,PT,2015,9.29,
ESTAT:TOUR_DEM_EXAC(1.0),15/01/24 23:00:00,A,TOTAL,N_GE1,TOTAL,WORLD,AVG_NGT,EUR,PT,2016,9.54,
ESTAT:TOUR_DEM_EXAC(1.0),15/01/24 23:00:00,A,TOTAL,N_GE1,TOTAL,WORLD,AVG_NGT,EUR,PT,2017,9.59,
ESTAT:TOUR_DEM_EXAC(1.0),15/01/24 23:00:00,A,TOTAL,N_GE1,TOTAL,WORLD,AVG_NGT,EUR,PT,2018,11.05,
ESTAT:TOUR_DEM_EXAC(1.0),15/01/24 23:00:00,A,TOTAL,N_GE1,TOTAL,WORLD,AVG_NGT,EUR,PT,2019,13.39,
ESTAT:TOUR_DEM_EXAC(1.0),15/01/24 23:00:00,A,TOTAL,N_GE1,TOTAL,WORLD,AVG_NGT,EUR,PT,2020,9.98,
ESTAT:TOUR_DEM_EXAC(1.0),15/01/24 23:00:00,A,TOTAL,N_GE1,TOTAL,WORLD,AVG_NGT,EUR,PT,2021,11.92,
ESTAT:TOUR_DEM_EXAC(1.0),15/01/24 23:00:00,A,TOTAL,N_GE1,TOTAL,WORLD,AVG_NGT,EUR,PT,2022,16.48,
ESTAT:TOUR_DEM_EXAC(1.0),15/01/24 23:00:00,A,TOTAL,N_GE1,TOTAL,WORLD,AVG_NGT,EUR,RO,2013,5.47,
ESTAT:TOUR_DEM_EXAC(1.0),15/01/24 23:00:00,A,TOTAL,N_GE1,TOTAL,WORLD,AVG_NGT,EUR,RO,2014,5.62,
ESTAT:TOUR_DEM_EXAC(1.0),15/01/24 23:00:00,A,TOTAL,N_GE1,TOTAL,WORLD,AVG_NGT,EUR,RO,2015,7.02,
ESTAT:TOUR_DEM_EXAC(1.0),15/01/24 23:00:00,A,TOTAL,N_GE1,TOTAL,WORLD,AVG_NGT,EUR,RO,2016,7.14,
ESTAT:TOUR_DEM_EXAC(1.0),15/01/24 23:00:00,A,TOTAL,N_GE1,TOTAL,WORLD,AVG_NGT,EUR,RO,2017,8.62,
ESTAT:TOUR_DEM_EXAC(1.0),15/01/24 23:00:00,A,TOTAL,N_GE1,TOTAL,WORLD,AVG_NGT,EUR,RO,2018,10.28,
ESTAT:TOUR_DEM_EXAC(1.0),15/01/24 23:00:00,A,TOTAL,N_GE1,TOTAL,WORLD,AVG_NGT,EUR,RO,2019,12.45,
ESTAT:TOUR_DEM_EXAC(1.0),15/01/24 23:00:00,A,TOTAL,N_GE1,TOTAL,WORLD,AVG_NGT,EUR,RO,2020,11.93,
ESTAT:TOUR_DEM_EXAC(1.0),15/01/24 23:00:00,A,TOTAL,N_GE1,TOTAL,WORLD,AVG_NGT,EUR,RO,2021,14.71,
ESTAT:TOUR_DEM_EXAC(1.0),15/01/24 23:00:00,A,TOTAL,N_GE1,TOTAL,WORLD,AVG_NGT,EUR,RO,2022,19.45,
ESTAT:TOUR_DEM_EXAC(1.0),15/01/24 23:00:00,A,TOTAL,N_GE1,TOTAL,WORLD,AVG_NGT,EUR,RS,2018,9.68,
ESTAT:TOUR_DEM_EXAC(1.0),15/01/24 23:00:00,A,TOTAL,N_GE1,TOTAL,WORLD,AVG_NGT,EUR,SE,2014,16.19,
ESTAT:TOUR_DEM_EXAC(1.0),15/01/24 23:00:00,A,TOTAL,N_GE1,TOTAL,WORLD,AVG_NGT,EUR,SE,2015,18.84,
ESTAT:TOUR_DEM_EXAC(1.0),15/01/24 23:00:00,A,TOTAL,N_GE1,TOTAL,WORLD,AVG_NGT,EUR,SE,2016,21.70,
ESTAT:TOUR_DEM_EXAC(1.0),15/01/24 23:00:00,A,TOTAL,N_GE1,TOTAL,WORLD,AVG_NGT,EUR,SE,2017,39.08,
ESTAT:TOUR_DEM_EXAC(1.0),15/01/24 23:00:00,A,TOTAL,N_GE1,TOTAL,WORLD,AVG_NGT,EUR,SE,2018,35.82,
ESTAT:TOUR_DEM_EXAC(1.0),15/01/24 23:00:00,A,TOTAL,N_GE1,TOTAL,WORLD,AVG_NGT,EUR,SE,2019,36.12,
ESTAT:TOUR_DEM_EXAC(1.0),15/01/24 23:00:00,A,TOTAL,N_GE1,TOTAL,WORLD,AVG_NGT,EUR,SE,2020,19.45,
ESTAT:TOUR_DEM_EXAC(1.0),15/01/24 23:00:00,A,TOTAL,N_GE1,TOTAL,WORLD,AVG_NGT,EUR,SE,2021,22.72,
ESTAT:TOUR_DEM_EXAC(1.0),15/01/24 23:00:00,A,TOTAL,N_GE1,TOTAL,WORLD,AVG_NGT,EUR,SE,2022,32.42,
ESTAT:TOUR_DEM_EXAC(1.0),15/01/24 23:00:00,A,TOTAL,N_GE1,TOTAL,WORLD,AVG_NGT,EUR,SI,2013,18.13,
ESTAT:TOUR_DEM_EXAC(1.0),15/01/24 23:00:00,A,TOTAL,N_GE1,TOTAL,WORLD,AVG_NGT,EUR,SI,2014,20.11,
ESTAT:TOUR_DEM_EXAC(1.0),15/01/24 23:00:00,A,TOTAL,N_GE1,TOTAL,WORLD,AVG_NGT,EUR,SI,2015,21.40,
ESTAT:TOUR_DEM_EXAC(1.0),15/01/24 23:00:00,A,TOTAL,N_GE1,TOTAL,WORLD,AVG_NGT,EUR,SI,2016,20.63,
ESTAT:TOUR_DEM_EXAC(1.0),15/01/24 23:00:00,A,TOTAL,N_GE1,TOTAL,WORLD,AVG_NGT,EUR,SI,2017,22.79,
ESTAT:TOUR_DEM_EXAC(1.0),15/01/24 23:00:00,A,TOTAL,N_GE1,TOTAL,WORLD,AVG_NGT,EUR,SI,2018,24.65,
ESTAT:TOUR_DEM_EXAC(1.0),15/01/24 23:00:00,A,TOTAL,N_GE1,TOTAL,WORLD,AVG_NGT,EUR,SI,2019,26.30,
ESTAT:TOUR_DEM_EXAC(1.0),15/01/24 23:00:00,A,TOTAL,N_GE1,TOTAL,WORLD,AVG_NGT,EUR,SI,2020,23.19,
ESTAT:TOUR_DEM_EXAC(1.0),15/01/24 23:00:00,A,TOTAL,N_GE1,TOTAL,WORLD,AVG_NGT,EUR,SI,2021,24.78,
ESTAT:TOUR_DEM_EXAC(1.0),15/01/24 23:00:00,A,TOTAL,N_GE1,TOTAL,WORLD,AVG_NGT,EUR,SI,2022,26.03,
ESTAT:TOUR_DEM_EXAC(1.0),15/01/24 23:00:00,A,TOTAL,N_GE1,TOTAL,WORLD,AVG_NGT,EUR,SK,2013,18.53,b
ESTAT:TOUR_DEM_EXAC(1.0),15/01/24 23:00:00,A,TOTAL,N_GE1,TOTAL,WORLD,AVG_NGT,EUR,SK,2014,18.95,
ESTAT:TOUR_DEM_EXAC(1.0),15/01/24 23:00:00,A,TOTAL,N_GE1,TOTAL,WORLD,AVG_NGT,EUR,SK,2015,19.19,
ESTAT:TOUR_DEM_EXAC(1.0),15/01/24 23:00:00,A,TOTAL,N_GE1,TOTAL,WORLD,AVG_NGT,EUR,SK,2016,18.72,
ESTAT:TOUR_DEM_EXAC(1.0),15/01/24 23:00:00,A,TOTAL,N_GE1,TOTAL,WORLD,AVG_NGT,EUR,SK,2017,18.42,
ESTAT:TOUR_DEM_EXAC(1.0),15/01/24 23:00:00,A,TOTAL,N_GE1,TOTAL,WORLD,AVG_NGT,EUR,SK,2018,17.26,
ESTAT:TOUR_DEM_EXAC(1.0),15/01/24 23:00:00,A,TOTAL,N_GE1,TOTAL,WORLD,AVG_NGT,EUR,SK,2019,20.36,
ESTAT:TOUR_DEM_EXAC(1.0),15/01/24 23:00:00,A,TOTAL,N_GE1,TOTAL,WORLD,AVG_NGT,EUR,SK,2020,17.19,
ESTAT:TOUR_DEM_EXAC(1.0),15/01/24 23:00:00,A,TOTAL,N_GE1,TOTAL,WORLD,AVG_NGT,EUR,SK,2021,19.42,
ESTAT:TOUR_DEM_EXAC(1.0),15/01/24 23:00:00,A,TOTAL,N_GE1,TOTAL,WORLD,AVG_NGT,EUR,SK,2022,25.84,
ESTAT:TOUR_DEM_EXAC(1.0),15/01/24 23:00:00,A,TOTAL,N_GE1,TOTAL,WORLD,AVG_NGT,EUR,UK,2013,33.00,
