DATAFLOW,LAST UPDATE,freq,unit,coicop,geo,TIME_PERIOD,OBS_VALUE,OBS_FLAG
ESTAT:PRC_HICP_MIDX(1.0),17/01/24 11:00:00,M,I15,CP00,AL,2023-03,127.25,d
ESTAT:PRC_HICP_MIDX(1.0),17/01/24 11:00:00,M,I15,CP00,AL,2023-04,127.44,d
ESTAT:PRC_HICP_MIDX(1.0),17/01/24 11:00:00,M,I15,CP00,AL,2023-05,127.14,d
ESTAT:PRC_HICP_MIDX(1.0),17/01/24 11:00:00,M,I15,CP00,AL,2023-06,126.88,d
ESTAT:PRC_HICP_MIDX(1.0),17/01/24 11:00:00,M,I15,CP00,AL,2023-07,126.65,d
ESTAT:PRC_HICP_MIDX(1.0),17/01/24 11:00:00,M,I15,CP00,AL,2023-08,127.14,d
ESTAT:PRC_HICP_MIDX(1.0),17/01/24 11:00:00,M,I15,CP00,AL,2023-09,128.19,d
ESTAT:PRC_HICP_MIDX(1.0),17/01/24 11:00:00,M,I15,CP00,AL,2023-10,128.36,d
ESTAT:PRC_HICP_MIDX(1.0),17/01/24 11:00:00,M,I15,CP00,AL,2023-11,127.89,d
ESTAT:PRC_HICP_MIDX(1.0),17/01/24 11:00:00,M,I15,CP00,AL,2023-12,128.42,d
ESTAT:PRC_HICP_MIDX(1.0),17/01/24 11:00:00,M,I15,CP00,AT,2023-03,128.88,
ESTAT:PRC_HICP_MIDX(1.0),17/01/24 11:00:00,M,I15,CP00,AT,2023-04,129.88,
ESTAT:PRC_HICP_MIDX(1.0),17/01/24 11:00:00,M,I15,CP00,AT,2023-05,130.06,
ESTAT:PRC_HICP_MIDX(1.0),17/01/24 11:00:00,M,I15,CP00,AT,2023-06,130.42,
ESTAT:PRC_HICP_MIDX(1.0),17/01/24 11:00:00,M,I15,CP00,AT,2023-07,130.17,
ESTAT:PRC_HICP_MIDX(1.0),17/01/24 11:00:00,M,I15,CP00,AT,2023-08,130.59,
ESTAT:PRC_HICP_MIDX(1.0),17/01/24 11:00:00,M,I15,CP00,AT,2023-09,131.75,
ESTAT:PRC_HICP_MIDX(1.0),17/01/24 11:00:00,M,I15,CP00,AT,2023-10,132.24,
ESTAT:PRC_HICP_MIDX(1.0),17/01/24 11:00:00,M,I15,CP00,AT,2023-11,132.46,
ESTAT:PRC_HICP_MIDX(1.0),17/01/24 11:00:00,M,I15,CP00,AT,2023-12,133.08,
ESTAT:PRC_HICP_MIDX(1.0),17/01/24 11:00:00,M,I15,CP00,BE,2023-03,126.23,
ESTAT:PRC_HICP_MIDX(1.0),17/01/24 11:00:00,M,I15,CP00,BE,2023-04,124.65,
ESTAT:PRC_HICP_MIDX(1.0),17/01/24 11:00:00,M,I15,CP00,BE,2023-05,124.91,
ESTAT:PRC_HICP_MIDX(1.0),17/01/24 11:00:00,M,I15,CP00,BE,2023-06,124.79,
ESTAT:PRC_HICP_MIDX(1.0),17/01/24 11:00:00,M,I15,CP00,BE,2023-07,124.05,
ESTAT:PRC_HICP_MIDX(1.0),17/01/24 11:00:00,M,I15,CP00,BE,2023-08,127.20,
ESTAT:PRC_HICP_MIDX(1.0),17/01/24 11:00:00,M,I15,CP00,BE,2023-09,126.73,
ESTAT:PRC_HICP_MIDX(1.0),17/01/24 11:00:00,M,I15,CP00,BE,2023-10,127.15,
ESTAT:PRC_HICP_MIDX(1.0),17/01/24 11:00:00,M,I15,CP00,BE,2023-11,127.05,
ESTAT:PRC_HICP_MIDX(1.0),17/01/24 11:00:00,M,I15,CP00,BE,2023-12,128.45,
ESTAT:PRC_HICP_MIDX(1.0),17/01/24 11:00:00,M,I15,CP00,BG,2023-03,132.90,
ESTAT:PRC_HICP_MIDX(1.0),17/01/24 11:00:00,M,I15,CP00,BG,2023-04,133.63,
ESTAT:PRC_HICP_MIDX(1.0),17/01/24 11:00:00,M,I15,CP00,BG,2023-05,133.30,
ESTAT:PRC_HICP_MIDX(1.0),17/01/24 11:00:00,M,I15,CP00,BG,2023-06,133.45,
ESTAT:PRC_HICP_MIDX(1.0),17/01/24 11:00:00,M,I15,CP00,BG,2023-07,134.99,
ESTAT:PRC_HICP_MIDX(1.0),17/01/24 11:00:00,M,I15,CP00,BG,2023-08,135.61,
ESTAT:PRC_HICP_MIDX(1.0),17/01/24 11:00:00,M,I15,CP00,BG,2023-09,135.18,
ESTAT:PRC_HICP_MIDX(1.0),17/01/24 11:00:00,M,I15,CP00,BG,2023-10,135.44,
ESTAT:PRC_HICP_MIDX(1.0),17/01/24 11:00:00,M,I15,CP00,BG,2023-11,135.77,
ESTAT:PRC_HICP_MIDX(1.0),17/01/24 11:00:00,M,I15,CP00,BG,2023-12,136.16,
ESTAT:PRC_HICP_MIDX(1.0),17/01/24 11:00:00,M,I15,CP00,CH,2023-03,105.53,
ESTAT:PRC_HICP_MIDX(1.0),17/01/24 11:00:00,M,I15,CP00,CH,2023-04,105.80,
ESTAT:PRC_HICP_MIDX(1.0),17/01/24 11:00:00,M,I15,CP00,CH,2023-05,106.03,
ESTAT:PRC_HICP_MIDX(1.0),17/01/24 11:00:00,M,I15,CP00,CH,2023-06,106.10,
ESTAT:PRC_HICP_MIDX(1.0),17/01/24 11:00:00,M,I15,CP00,CH,2023-07,106.58,
ESTAT:PRC_HICP_MIDX(1.0),17/01/24 11:00:00,M,I15,CP00,CH,2023-08,106.75,
ESTAT:PRC_HICP_MIDX(1.0),17/01/24 11:00:00,M,I15,CP00,CH,2023-09,106.57,
ESTAT:PRC_HICP_MIDX(1.0),17/01/24 11:00:00,M,I15,CP00,CH,2023-10,106.72,
ESTAT:PRC_HICP_MIDX(1.0),17/01/24 11:00:00,M,I15,CP00,CH,2023-11,106.17,
ESTAT:PRC_HICP_MIDX(1.0),17/01/24 11:00:00,M,I15,CP00,CH,2023-12,106.44,
ESTAT:PRC_HICP_MIDX(1.0),17/01/24 11:00:00,M,I15,CP00,CY,2023-03,112.64,
ESTAT:PRC_HICP_MIDX(1.0),17/01/24 11:00:00,M,I15,CP00,CY,2023-04,113.67,
ESTAT:PRC_HICP_MIDX(1.0),17/01/24 11:00:00,M,I15,CP00,CY,2023-05,114.07,
ESTAT:PRC_HICP_MIDX(1.0),17/01/24 11:00:00,M,I15,CP00,CY,2023-06,114.41,
ESTAT:PRC_HICP_MIDX(1.0),17/01/24 11:00:00,M,I15,CP00,CY,2023-07,115.97,
ESTAT:PRC_HICP_MIDX(1.0),17/01/24 11:00:00,M,I15,CP00,CY,2023-08,117.28,
ESTAT:PRC_HICP_MIDX(1.0),17/01/24 11:00:00,M,I15,CP00,CY,2023-09,117.48,
ESTAT:PRC_HICP_MIDX(1.0),17/01/24 11:00:00,M,I15,CP00,CY,2023-10,117.32,
ESTAT:PRC_HICP_MIDX(1.0),17/01/24 11:00:00,M,I15,CP00,CY,2023-11,115.51,
ESTAT:PRC_HICP_MIDX(1.0),17/01/24 11:00:00,M,I15,CP00,CY,2023-12,114.09,
ESTAT:PRC_HICP_MIDX(1.0),17/01/24 11:00:00,M,I15,CP00,CZ,2023-03,147.7,
ESTAT:PRC_HICP_MIDX(1.0),17/01/24 11:00:00,M,I15,CP00,CZ,2023-04,147.5,
ESTAT:PRC_HICP_MIDX(1.0),17/01/24 11:00:00,M,I15,CP00,CZ,2023-05,147.9,
ESTAT:PRC_HICP_MIDX(1.0),17/01/24 11:00:00,M,I15,CP00,CZ,2023-06,148.4,
ESTAT:PRC_HICP_MIDX(1.0),17/01/24 11:00:00,M,I15,CP00,CZ,2023-07,149.0,
ESTAT:PRC_HICP_MIDX(1.0),17/01/24 11:00:00,M,I15,CP00,CZ,2023-08,149.3,
ESTAT:PRC_HICP_MIDX(1.0),17/01/24 11:00:00,M,I15,CP00,CZ,2023-09,148.1,
ESTAT:PRC_HICP_MIDX(1.0),17/01/24 11:00:00,M,I15,CP00,CZ,2023-10,148.1,
ESTAT:PRC_HICP_MIDX(1.0),17/01/24 11:00:00,M,I15,CP00,CZ,2023-11,148.1,
ESTAT:PRC_HICP_MIDX(1.0),17/01/24 11:00:00,M,I15,CP00,CZ,2023-12,147.5,
ESTAT:PRC_HICP_MIDX(1.0),17/01/24 11:00:00,M,I15,CP00,DE,2023-03,125.1,
ESTAT:PRC_HICP_MIDX(1.0),17/01/24 11:00:00,M,I15,CP00,DE,2023-04,125.8,
ESTAT:PRC_HICP_MIDX(1.0),17/01/24 11:00:00,M,I15,CP00,DE,2023-05,125.6,
ESTAT:PRC_HICP_MIDX(1.0),17/01/24 11:00:00,M,I15,CP00,DE,2023-06,126.1,
ESTAT:PRC_HICP_MIDX(1.0),17/01/24 11:00:00,M,I15,CP00,DE,2023-07,126.7,
ESTAT:PRC_HICP_MIDX(1.0),17/01/24 11:00:00,M,I15,CP00,DE,2023-08,127.2,
ESTAT:PRC_HICP_MIDX(1.0),17/01/24 11:00:00,M,I15,CP00,DE,2023-09,127.4,
ESTAT:PRC_HICP_MIDX(1.0),17/01/24 11:00:00,M,I15,CP00,DE,2023-10,127.2,
ESTAT:PRC_HICP_MIDX(1.0),17/01/24 11:00:00,M,I15,CP00,DE,2023-11,126.3,
ESTAT:PRC_HICP_MIDX(1.0),17/01/24 11:00:00,M,I15,CP00,DE,2023-12,126.6,
ESTAT:PRC_HICP_MIDX(1.0),17/01/24 11:00:00,M,I15,CP00,DK,2023-03,117.8,
ESTAT:PRC_HICP_MIDX(1.0),17/01/24 11:00:00,M,I15,CP00,DK,2023-04,118.1,
ESTAT:PRC_HICP_MIDX(1.0),17/01/24 11:00:00,M,I15,CP00,DK,2023-05,116.3,
ESTAT:PRC_HICP_MIDX(1.0),17/01/24 11:00:00,M,I15,CP00,DK,2023-06,116.7,
ESTAT:PRC_HICP_MIDX(1.0),17/01/24 11:00:00,M,I15,CP00,DK,2023-07,119.1,
ESTAT:PRC_HICP_MIDX(1.0),17/01/24 11:00:00,M,I15,CP00,DK,2023-08,118.1,
ESTAT:PRC_HICP_MIDX(1.0),17/01/24 11:00:00,M,I15,CP00,DK,2023-09,117.8,
ESTAT:PRC_HICP_MIDX(1.0),17/01/24 11:00:00,M,I15,CP00,DK,2023-10,118.1,
ESTAT:PRC_HICP_MIDX(1.0),17/01/24 11:00:00,M,I15,CP00,DK,2023-11,117.6,
ESTAT:PRC_HICP_MIDX(1.0),17/01/24 11:00:00,M,I15,CP00,DK,2023-12,117.0,
ESTAT:PRC_HICP_MIDX(1.0),17/01/24 11:00:00,M,I15,CP00,EA,2023-03,122.34,
ESTAT:PRC_HICP_MIDX(1.0),17/01/24 11:00:00,M,I15,CP00,EA,2023-04,123.12,
ESTAT:PRC_HICP_MIDX(1.0),17/01/24 11:00:00,M,I15,CP00,EA,2023-05,123.15,
ESTAT:PRC_HICP_MIDX(1.0),17/01/24 11:00:00,M,I15,CP00,EA,2023-06,123.47,
ESTAT:PRC_HICP_MIDX(1.0),17/01/24 11:00:00,M,I15,CP00,EA,2023-07,123.36,
ESTAT:PRC_HICP_MIDX(1.0),17/01/24 11:00:00,M,I15,CP00,EA,2023-08,124.03,
ESTAT:PRC_HICP_MIDX(1.0),17/01/24 11:00:00,M,I15,CP00,EA,2023-09,124.43,
ESTAT:PRC_HICP_MIDX(1.0),17/01/24 11:00:00,M,I15,CP00,EA,2023-10,124.54,
ESTAT:PRC_HICP_MIDX(1.0),17/01/24 11:00:00,M,I15,CP00,EA,2023-11,123.85,
ESTAT:PRC_HICP_MIDX(1.0),17/01/24 11:00:00,M,I15,CP00,EA,2023-12,124.05,
ESTAT:PRC_HICP_MIDX(1.0),17/01/24 11:00:00,M,I15,CP00,EA19,2023-03,122.34,
ESTAT:PRC_HICP_MIDX(1.0),17/01/24 11:00:00,M,I15,CP00,EA19,2023-04,123.11,
ESTAT:PRC_HICP_MIDX(1.0),17/01/24 11:00:00,M,I15,CP00,EA19,2023-05,123.14,
ESTAT:PRC_HICP_MIDX(1.0),17/01/24 11:00:00,M,I15,CP00,EA19,2023-06,123.45,
ESTAT:PRC_HICP_MIDX(1.0),17/01/24 11:00:00,M,I15,CP00,EA19,2023-07,123.32,
ESTAT:PRC_HICP_MIDX(1.0),17/01/24 11:00:00,M,I15,CP00,EA19,2023-08,124.00,
ESTAT:PRC_HICP_MIDX(1.0),17/01/24 11:00:00,M,I15,CP00,EA19,2023-09,124.40,
ESTAT:PRC_HICP_MIDX(1.0),17/01/24 11:00:00,M,I15,CP00,EA19,2023-10,124.51,
ESTAT:PRC_HICP_MIDX(1.0),17/01/24 11:00:00,M,I15,CP00,EA19,2023-11,123.82,
ESTAT:PRC_HICP_MIDX(1.0),17/01/24 11:00:00,M,I15,CP00,EA19,2023-12,124.02,
ESTAT:PRC_HICP_MIDX(1.0),17/01/24 11:00:00,M,I15,CP00,EA20,2023-03,122.35,
ESTAT:PRC_HICP_MIDX(1.0),17/01/24 11:00:00,M,I15,CP00,EA20,2023-04,123.13,
ESTAT:PRC_HICP_MIDX(1.0),17/01/24 11:00:00,M,I15,CP00,EA20,2023-05,123.17,
ESTAT:PRC_HICP_MIDX(1.0),17/01/24 11:00:00,M,I15,CP00,EA20,2023-06,123.48,
ESTAT:PRC_HICP_MIDX(1.0),17/01/24 11:00:00,M,I15,CP00,EA20,2023-07,123.37,
ESTAT:PRC_HICP_MIDX(1.0),17/01/24 11:00:00,M,I15,CP00,EA20,2023-08,124.04,
ESTAT:PRC_HICP_MIDX(1.0),17/01/24 11:00:00,M,I15,CP00,EA20,2023-09,124.44,
ESTAT:PRC_HICP_MIDX(1.0),17/01/24 11:00:00,M,I15,CP00,EA20,2023-10,124.55,
ESTAT:PRC_HICP_MIDX(1.0),17/01/24 11:00:00,M,I15,CP00,EA20,2023-11,123.86,
ESTAT:PRC_HICP_MIDX(1.0),17/01/24 11:00:00,M,I15,CP00,EA20,2023-12,124.06,
ESTAT:PRC_HICP_MIDX(1.0),17/01/24 11:00:00,M,I15,CP00,EE,2023-03,147.20,
ESTAT:PRC_HICP_MIDX(1.0),17/01/24 11:00:00,M,I15,CP00,EE,2023-04,150.04,
ESTAT:PRC_HICP_MIDX(1.0),17/01/24 11:00:00,M,I15,CP00,EE,2023-05,150.08,
ESTAT:PRC_HICP_MIDX(1.0),17/01/24 11:00:00,M,I15,CP00,EE,2023-06,151.30,
ESTAT:PRC_HICP_MIDX(1.0),17/01/24 11:00:00,M,I15,CP00,EE,2023-07,150.56,
ESTAT:PRC_HICP_MIDX(1.0),17/01/24 11:00:00,M,I15,CP00,EE,2023-08,151.25,
ESTAT:PRC_HICP_MIDX(1.0),17/01/24 11:00:00,M,I15,CP00,EE,2023-09,151.17,
ESTAT:PRC_HICP_MIDX(1.0),17/01/24 11:00:00,M,I15,CP00,EE,2023-10,150.45,
ESTAT:PRC_HICP_MIDX(1.0),17/01/24 11:00:00,M,I15,CP00,EE,2023-11,150.48,
ESTAT:PRC_HICP_MIDX(1.0),17/01/24 11:00:00,M,I15,CP00,EE,2023-12,150.45,
ESTAT:PRC_HICP_MIDX(1.0),17/01/24 11:00:00,M,I15,CP00,EEA,2023-03,126.10,
ESTAT:PRC_HICP_MIDX(1.0),17/01/24 11:00:00,M,I15,CP00,EEA,2023-04,126.89,
ESTAT:PRC_HICP_MIDX(1.0),17/01/24 11:00:00,M,I15,CP00,EEA,2023-05,126.94,
ESTAT:PRC_HICP_MIDX(1.0),17/01/24 11:00:00,M,I15,CP00,EEA,2023-06,127.29,
ESTAT:PRC_HICP_MIDX(1.0),17/01/24 11:00:00,M,I15,CP00,EEA,2023-07,127.25,
ESTAT:PRC_HICP_MIDX(1.0),17/01/24 11:00:00,M,I15,CP00,EEA,2023-08,127.83,
ESTAT:PRC_HICP_MIDX(1.0),17/01/24 11:00:00,M,I15,CP00,EEA,2023-09,128.16,
ESTAT:PRC_HICP_MIDX(1.0),17/01/24 11:00:00,M,I15,CP00,EEA,2023-10,128.33,
ESTAT:PRC_HICP_MIDX(1.0),17/01/24 11:00:00,M,I15,CP00,EEA,2023-11,127.84,
ESTAT:PRC_HICP_MIDX(1.0),17/01/24 11:00:00,M,I15,CP00,EEA,2023-12,128.03,
ESTAT:PRC_HICP_MIDX(1.0),17/01/24 11:00:00,M,I15,CP00,EL,2023-03,114.28,
ESTAT:PRC_HICP_MIDX(1.0),17/01/24 11:00:00,M,I15,CP00,EL,2023-04,115.55,
ESTAT:PRC_HICP_MIDX(1.0),17/01/24 11:00:00,M,I15,CP00,EL,2023-05,116.17,
ESTAT:PRC_HICP_MIDX(1.0),17/01/24 11:00:00,M,I15,CP00,EL,2023-06,117.23,
ESTAT:PRC_HICP_MIDX(1.0),17/01/24 11:00:00,M,I15,CP00,EL,2023-07,116.08,
ESTAT:PRC_HICP_MIDX(1.0),17/01/24 11:00:00,M,I15,CP00,EL,2023-08,115.87,
ESTAT:PRC_HICP_MIDX(1.0),17/01/24 11:00:00,M,I15,CP00,EL,2023-09,118.04,
ESTAT:PRC_HICP_MIDX(1.0),17/01/24 11:00:00,M,I15,CP00,EL,2023-10,118.17,
ESTAT:PRC_HICP_MIDX(1.0),17/01/24 11:00:00,M,I15,CP00,EL,2023-11,116.86,
ESTAT:PRC_HICP_MIDX(1.0),17/01/24 11:00:00,M,I15,CP00,EL,2023-12,116.97,
ESTAT:PRC_HICP_MIDX(1.0),17/01/24 11:00:00,M,I15,CP00,ES,2023-03,119.06,
ESTAT:PRC_HICP_MIDX(1.0),17/01/24 11:00:00,M,I15,CP00,ES,2023-04,119.61,
ESTAT:PRC_HICP_MIDX(1.0),17/01/24 11:00:00,M,I15,CP00,ES,2023-05,119.44,
ESTAT:PRC_HICP_MIDX(1.0),17/01/24 11:00:00,M,I15,CP00,ES,2023-06,120.13,
ESTAT:PRC_HICP_MIDX(1.0),17/01/24 11:00:00,M,I15,CP00,ES,2023-07,120.03,
ESTAT:PRC_HICP_MIDX(1.0),17/01/24 11:00:00,M,I15,CP00,ES,2023-08,120.68,
ESTAT:PRC_HICP_MIDX(1.0),17/01/24 11:00:00,M,I15,CP00,ES,2023-09,121.38,
ESTAT:PRC_HICP_MIDX(1.0),17/01/24 11:00:00,M,I15,CP00,ES,2023-10,121.69,
ESTAT:PRC_HICP_MIDX(1.0),17/01/24 11:00:00,M,I15,CP00,ES,2023-11,121.05,
ESTAT:PRC_HICP_MIDX(1.0),17/01/24 11:00:00,M,I15,CP00,ES,2023-12,121.06,
ESTAT:PRC_HICP_MIDX(1.0),17/01/24 11:00:00,M,I15,CP00,EU,2023-03,126.05,
ESTAT:PRC_HICP_MIDX(1.0),17/01/24 11:00:00,M,I15,CP00,EU,2023-04,126.83,
ESTAT:PRC_HICP_MIDX(1.0),17/01/24 11:00:00,M,I15,CP00,EU,2023-05,126.88,
ESTAT:PRC_HICP_MIDX(1.0),17/01/24 11:00:00,M,I15,CP00,EU,2023-06,127.22,
ESTAT:PRC_HICP_MIDX(1.0),17/01/24 11:00:00,M,I15,CP00,EU,2023-07,127.17,
ESTAT:PRC_HICP_MIDX(1.0),17/01/24 11:00:00,M,I15,CP00,EU,2023-08,127.78,
ESTAT:PRC_HICP_MIDX(1.0),17/01/24 11:00:00,M,I15,CP00,EU,2023-09,128.11,
ESTAT:PRC_HICP_MIDX(1.0),17/01/24 11:00:00,M,I15,CP00,EU,2023-10,128.27,
ESTAT:PRC_HICP_MIDX(1.0),17/01/24 11:00:00,M,I15,CP00,EU,2023-11,127.76,
ESTAT:PRC_HICP_MIDX(1.0),17/01/24 11:00:00,M,I15,CP00,EU,2023-12,127.95,
ESTAT:PRC_HICP_MIDX(1.0),17/01/24 11:00:00,M,I15,CP00,EU27_2020,2023-03,125.52,
ESTAT:PRC_HICP_MIDX(1.0),17/01/24 11:00:00,M,I15,CP00,EU27_2020,2023-04,126.30,
ESTAT:PRC_HICP_MIDX(1.0),17/01/24 11:00:00,M,I15,CP00,EU27_2020,2023-05,126.35,
ESTAT:PRC_HICP_MIDX(1.0),17/01/24 11:00:00,M,I15,CP00,EU27_2020,2023-06,126.69,
ESTAT:PRC_HICP_MIDX(1.0),17/01/24 11:00:00,M,I15,CP00,EU27_2020,2023-07,126.64,
ESTAT:PRC_HICP_MIDX(1.0),17/01/24 11:00:00,M,I15,CP00,EU27_2020,2023-08,127.24,
ESTAT:PRC_HICP_MIDX(1.0),17/01/24 11:00:00,M,I15,CP00,EU27_2020,2023-09,127.57,
ESTAT:PRC_HICP_MIDX(1.0),17/01/24 11:00:00,M,I15,CP00,EU27_2020,2023-10,127.73,
ESTAT:PRC_HICP_MIDX(1.0),17/01/24 11:00:00,M,I15,CP00,EU27_2020,2023-11,127.23,
ESTAT:PRC_HICP_MIDX(1.0),17/01/24 11:00:00,M,I15,CP00,EU27_2020,2023-12,127.42,
ESTAT:PRC_HICP_MIDX(1.0),17/01/24 11:00:00,M,I15,CP00,FI,2023-03,118.98,
ESTAT:PRC_HICP_MIDX(1.0),17/01/24 11:00:00,M,I15,CP00,FI,2023-04,119.05,
ESTAT:PRC_HICP_MIDX(1.0),17/01/24 11:00:00,M,I15,CP00,FI,2023-05,119.14,
ESTAT:PRC_HICP_MIDX(1.0),17/01/24 11:00:00,M,I15,CP00,FI,2023-06,118.96,
ESTAT:PRC_HICP_MIDX(1.0),17/01/24 11:00:00,M,I15,CP00,FI,2023-07,119.28,
ESTAT:PRC_HICP_MIDX(1.0),17/01/24 11:00:00,M,I15,CP00,FI,2023-08,117.96,
ESTAT:PRC_HICP_MIDX(1.0),17/01/24 11:00:00,M,I15,CP00,FI,2023-09,118.66,
ESTAT:PRC_HICP_MIDX(1.0),17/01/24 11:00:00,M,I15,CP00,FI,2023-10,118.93,
ESTAT:PRC_HICP_MIDX(1.0),17/01/24 11:00:00,M,I15,CP00,FI,2023-11,118.34,
ESTAT:PRC_HICP_MIDX(1.0),17/01/24 11:00:00,M,I15,CP00,FI,2023-12,118.61,
ESTAT:PRC_HICP_MIDX(1.0),17/01/24 11:00:00,M,I15,CP00,FR,2023-03,119.76,
ESTAT:PRC_HICP_MIDX(1.0),17/01/24 11:00:00,M,I15,CP00,FR,2023-04,120.55,
ESTAT:PRC_HICP_MIDX(1.0),17/01/24 11:00:00,M,I15,CP00,FR,2023-05,120.46,
ESTAT:PRC_HICP_MIDX(1.0),17/01/24 11:00:00,M,I15,CP00,FR,2023-06,120.71,
ESTAT:PRC_HICP_MIDX(1.0),17/01/24 11:00:00,M,I15,CP00,FR,2023-07,120.77,
ESTAT:PRC_HICP_MIDX(1.0),17/01/24 11:00:00,M,I15,CP00,FR,2023-08,122.10,
ESTAT:PRC_HICP_MIDX(1.0),17/01/24 11:00:00,M,I15,CP00,FR,2023-09,121.40,
ESTAT:PRC_HICP_MIDX(1.0),17/01/24 11:00:00,M,I15,CP00,FR,2023-10,121.61,
ESTAT:PRC_HICP_MIDX(1.0),17/01/24 11:00:00,M,I15,CP00,FR,2023-11,121.32,
ESTAT:PRC_HICP_MIDX(1.0),17/01/24 11:00:00,M,I15,CP00,FR,2023-12,121.49,
ESTAT:PRC_HICP_MIDX(1.0),17/01/24 11:00:00,M,I15,CP00,HR,2023-03,123.73,
ESTAT:PRC_HICP_MIDX(1.0),17/01/24 11:00:00,M,I15,CP00,HR,2023-04,125.16,
ESTAT:PRC_HICP_MIDX(1.0),17/01/24 11:00:00,M,I15,CP00,HR,2023-05,125.88,
ESTAT:PRC_HICP_MIDX(1.0),17/01/24 11:00:00,M,I15,CP00,HR,2023-06,127.91,
ESTAT:PRC_HICP_MIDX(1.0),17/01/24 11:00:00,M,I15,CP00,HR,2023-07,129.36,
ESTAT:PRC_HICP_MIDX(1.0),17/01/24 11:00:00,M,I15,CP00,HR,2023-08,130.00,
ESTAT:PRC_HICP_MIDX(1.0),17/01/24 11:00:00,M,I15,CP00,HR,2023-09,129.15,
ESTAT:PRC_HICP_MIDX(1.0),17/01/24 11:00:00,M,I15,CP00,HR,2023-10,129.52,
ESTAT:PRC_HICP_MIDX(1.0),17/01/24 11:00:00,M,I15,CP00,HR,2023-11,128.95,
ESTAT:PRC_HICP_MIDX(1.0),17/01/24 11:00:00,M,I15,CP00,HR,2023-12,128.56,
ESTAT:PRC_HICP_MIDX(1.0),17/01/24 11:00:00,M,I15,CP00,HU,2023-03,159.42,
ESTAT:PRC_HICP_MIDX(1.0),17/01/24 11:00:00,M,I15,CP00,HU,2023-04,160.57,
ESTAT:PRC_HICP_MIDX(1.0),17/01/24 11:00:00,M,I15,CP00,HU,2023-05,159.99,
ESTAT:PRC_HICP_MIDX(1.0),17/01/24 11:00:00,M,I15,CP00,HU,2023-06,160.55,
ESTAT:PRC_HICP_MIDX(1.0),17/01/24 11:00:00,M,I15,CP00,HU,2023-07,161.12,
ESTAT:PRC_HICP_MIDX(1.0),17/01/24 11:00:00,M,I15,CP00,HU,2023-08,162.37,
ESTAT:PRC_HICP_MIDX(1.0),17/01/24 11:00:00,M,I15,CP00,HU,2023-09,162.49,
ESTAT:PRC_HICP_MIDX(1.0),17/01/24 11:00:00,M,I15,CP00,HU,2023-10,162.10,
ESTAT:PRC_HICP_MIDX(1.0),17/01/24 11:00:00,M,I15,CP00,HU,2023-11,162.07,
ESTAT:PRC_HICP_MIDX(1.0),17/01/24 11:00:00,M,I15,CP00,HU,2023-12,161.55,
ESTAT:PRC_HICP_MIDX(1.0),17/01/24 11:00:00,M,I15,CP00,IE,2023-03,116.9,
ESTAT:PRC_HICP_MIDX(1.0),17/01/24 11:00:00,M,I15,CP00,IE,2023-04,117.2,
ESTAT:PRC_HICP_MIDX(1.0),17/01/24 11:00:00,M,I15,CP00,IE,2023-05,117.5,
ESTAT:PRC_HICP_MIDX(1.0),17/01/24 11:00:00,M,I15,CP00,IE,2023-06,118.4,
ESTAT:PRC_HICP_MIDX(1.0),17/01/24 11:00:00,M,I15,CP00,IE,2023-07,118.6,
ESTAT:PRC_HICP_MIDX(1.0),17/01/24 11:00:00,M,I15,CP00,IE,2023-08,119.2,
ESTAT:PRC_HICP_MIDX(1.0),17/01/24 11:00:00,M,I15,CP00,IE,2023-09,119.3,
ESTAT:PRC_HICP_MIDX(1.0),17/01/24 11:00:00,M,I15,CP00,IE,2023-10,119.5,
ESTAT:PRC_HICP_MIDX(1.0),17/01/24 11:00:00,M,I15,CP00,IE,2023-11,118.4,
ESTAT:PRC_HICP_MIDX(1.0),17/01/24 11:00:00,M,I15,CP00,IE,2023-12,118.9,
ESTAT:PRC_HICP_MIDX(1.0),17/01/24 11:00:00,M,I15,CP00,IS,2023-03,119.78,
ESTAT:PRC_HICP_MIDX(1.0),17/01/24 11:00:00,M,I15,CP00,IS,2023-04,120.64,
ESTAT:PRC_HICP_MIDX(1.0),17/01/24 11:00:00,M,I15,CP00,IS,2023-05,120.98,
ESTAT:PRC_HICP_MIDX(1.0),17/01/24 11:00:00,M,I15,CP00,IS,2023-06,122.93,
ESTAT:PRC_HICP_MIDX(1.0),17/01/24 11:00:00,M,I15,CP00,IS,2023-07,123.75,
ESTAT:PRC_HICP_MIDX(1.0),17/01/24 11:00:00,M,I15,CP00,IS,2023-08,124.38,
ESTAT:PRC_HICP_MIDX(1.0),17/01/24 11:00:00,M,I15,CP00,IS,2023-09,124.32,
ESTAT:PRC_HICP_MIDX(1.0),17/01/24 11:00:00,M,I15,CP00,IS,2023-10,123.69,
ESTAT:PRC_HICP_MIDX(1.0),17/01/24 11:00:00,M,I15,CP00,IS,2023-11,123.59,
ESTAT:PRC_HICP_MIDX(1.0),17/01/24 11:00:00,M,I15,CP00,IS,2023-12,123.78,
ESTAT:PRC_HICP_MIDX(1.0),17/01/24 11:00:00,M,I15,CP00,IT,2023-03,120.3,
ESTAT:PRC_HICP_MIDX(1.0),17/01/24 11:00:00,M,I15,CP00,IT,2023-04,121.3,
ESTAT:PRC_HICP_MIDX(1.0),17/01/24 11:00:00,M,I15,CP00,IT,2023-05,121.7,
ESTAT:PRC_HICP_MIDX(1.0),17/01/24 11:00:00,M,I15,CP00,IT,2023-06,121.8,
ESTAT:PRC_HICP_MIDX(1.0),17/01/24 11:00:00,M,I15,CP00,IT,2023-07,119.9,
ESTAT:PRC_HICP_MIDX(1.0),17/01/24 11:00:00,M,I15,CP00,IT,2023-08,120.1,
ESTAT:PRC_HICP_MIDX(1.0),17/01/24 11:00:00,M,I15,CP00,IT,2023-09,122.1,
ESTAT:PRC_HICP_MIDX(1.0),17/01/24 11:00:00,M,I15,CP00,IT,2023-10,122.2,
ESTAT:PRC_HICP_MIDX(1.0),17/01/24 11:00:00,M,I15,CP00,IT,2023-11,121.5,
ESTAT:PRC_HICP_MIDX(1.0),17/01/24 11:00:00,M,I15,CP00,IT,2023-12,121.7,
ESTAT:PRC_HICP_MIDX(1.0),17/01/24 11:00:00,M,I15,CP00,LT,2023-03,149.70,
ESTAT:PRC_HICP_MIDX(1.0),17/01/24 11:00:00,M,I15,CP00,LT,2023-04,150.00,
ESTAT:PRC_HICP_MIDX(1.0),17/01/24 11:00:00,M,I15,CP00,LT,2023-05,149.82,
ESTAT:PRC_HICP_MIDX(1.0),17/01/24 11:00:00,M,I15,CP00,LT,2023-06,149.67,
ESTAT:PRC_HICP_MIDX(1.0),17/01/24 11:00:00,M,I15,CP00,LT,2023-07,149.35,
ESTAT:PRC_HICP_MIDX(1.0),17/01/24 11:00:00,M,I15,CP00,LT,2023-08,149.13,
ESTAT:PRC_HICP_MIDX(1.0),17/01/24 11:00:00,M,I15,CP00,LT,2023-09,150.17,
ESTAT:PRC_HICP_MIDX(1.0),17/01/24 11:00:00,M,I15,CP00,LT,2023-10,150.68,
ESTAT:PRC_HICP_MIDX(1.0),17/01/24 11:00:00,M,I15,CP00,LT,2023-11,150.07,
ESTAT:PRC_HICP_MIDX(1.0),17/01/24 11:00:00,M,I15,CP00,LT,2023-12,149.17,
ESTAT:PRC_HICP_MIDX(1.0),17/01/24 11:00:00,M,I15,CP00,LU,2023-03,120.67,
ESTAT:PRC_HICP_MIDX(1.0),17/01/24 11:00:00,M,I15,CP00,LU,2023-04,121.50,
ESTAT:PRC_HICP_MIDX(1.0),17/01/24 11:00:00,M,I15,CP00,LU,2023-05,121.27,
ESTAT:PRC_HICP_MIDX(1.0),17/01/24 11:00:00,M,I15,CP00,LU,2023-06,121.81,
ESTAT:PRC_HICP_MIDX(1.0),17/01/24 11:00:00,M,I15,CP00,LU,2023-07,121.46,
ESTAT:PRC_HICP_MIDX(1.0),17/01/24 11:00:00,M,I15,CP00,LU,2023-08,123.75,
ESTAT:PRC_HICP_MIDX(1.0),17/01/24 11:00:00,M,I15,CP00,LU,2023-09,124.21,
ESTAT:PRC_HICP_MIDX(1.0),17/01/24 11:00:00,M,I15,CP00,LU,2023-10,124.12,
ESTAT:PRC_HICP_MIDX(1.0),17/01/24 11:00:00,M,I15,CP00,LU,2023-11,123.36,
ESTAT:PRC_HICP_MIDX(1.0),17/01/24 11:00:00,M,I15,CP00,LU,2023-12,122.85,
ESTAT:PRC_HICP_MIDX(1.0),17/01/24 11:00:00,M,I15,CP00,LV,2023-03,143.26,
ESTAT:PRC_HICP_MIDX(1.0),17/01/24 11:00:00,M,I15,CP00,LV,2023-04,143.83,
ESTAT:PRC_HICP_MIDX(1.0),17/01/24 11:00:00,M,I15,CP00,LV,2023-05,145.92,
ESTAT:PRC_HICP_MIDX(1.0),17/01/24 11:00:00,M,I15,CP00,LV,2023-06,143.90,
ESTAT:PRC_HICP_MIDX(1.0),17/01/24 11:00:00,M,I15,CP00,LV,2023-07,144.99,
ESTAT:PRC_HICP_MIDX(1.0),17/01/24 11:00:00,M,I15,CP00,LV,2023-08,144.20,
ESTAT:PRC_HICP_MIDX(1.0),17/01/24 11:00:00,M,I15,CP00,LV,2023-09,143.48,
ESTAT:PRC_HICP_MIDX(1.0),17/01/24 11:00:00,M,I15,CP00,LV,2023-10,142.93,
ESTAT:PRC_HICP_MIDX(1.0),17/01/24 11:00:00,M,I15,CP00,LV,2023-11,142.81,
ESTAT:PRC_HICP_MIDX(1.0),17/01/24 11:00:00,M,I15,CP00,LV,2023-12,141.77,
ESTAT:PRC_HICP_MIDX(1.0),17/01/24 11:00:00,M,I15,CP00,ME,2023-03,127.54,d
ESTAT:PRC_HICP_MIDX(1.0),17/01/24 11:00:00,M,I15,CP00,ME,2023-04,128.01,d
ESTAT:PRC_HICP_MIDX(1.0),17/01/24 11:00:00,M,I15,CP00,ME,2023-05,129.06,d
ESTAT:PRC_HICP_MIDX(1.0),17/01/24 11:00:00,M,I15,CP00,ME,2023-06,131.07,d
ESTAT:PRC_HICP_MIDX(1.0),17/01/24 11:00:00,M,I15,CP00,ME,2023-07,133.34,d
ESTAT:PRC_HICP_MIDX(1.0),17/01/24 11:00:00,M,I15,CP00,ME,2023-08,135.59,d
ESTAT:PRC_HICP_MIDX(1.0),17/01/24 11:00:00,M,I15,CP00,ME,2023-09,135.59,d
ESTAT:PRC_HICP_MIDX(1.0),17/01/24 11:00:00,M,I15,CP00,ME,2023-10,134.60,d
ESTAT:PRC_HICP_MIDX(1.0),17/01/24 11:00:00,M,I15,CP00,ME,2023-11,133.99,d
ESTAT:PRC_HICP_MIDX(1.0),17/01/24 11:00:00,M,I15,CP00,MK,2023-03,134.30,d
ESTAT:PRC_HICP_MIDX(1.0),17/01/24 11:00:00,M,I15,CP00,MK,2023-04,135.11,d
ESTAT:PRC_HICP_MIDX(1.0),17/01/24 11:00:00,M,I15,CP00,MK,2023-05,136.41,d
ESTAT:PRC_HICP_MIDX(1.0),17/01/24 11:00:00,M,I15,CP00,MK,2023-06,137.89,d
ESTAT:PRC_HICP_MIDX(1.0),17/01/24 11:00:00,M,I15,CP00,MK,2023-07,138.80,d
ESTAT:PRC_HICP_MIDX(1.0),17/01/24 11:00:00,M,I15,CP00,MK,2023-08,140.63,d
ESTAT:PRC_HICP_MIDX(1.0),17/01/24 11:00:00,M,I15,CP00,MK,2023-09,140.85,d
ESTAT:PRC_HICP_MIDX(1.0),17/01/24 11:00:00,M,I15,CP00,MK,2023-10,138.22,d
ESTAT:PRC_HICP_MIDX(1.0),17/01/24 11:00:00,M,I15,CP00,MK,2023-11,138.40,d
ESTAT:PRC_HICP_MIDX(1.0),17/01/24 11:00:00,M,I15,CP00,MK,2023-12,138.22,d
ESTAT:PRC_HICP_MIDX(1.0),17/01/24 11:00:00,M,I15,CP00,MT,2023-03,116.15,
ESTAT:PRC_HICP_MIDX(1.0),17/01/24 11:00:00,M,I15,CP00,MT,2023-04,119.74,
ESTAT:PRC_HICP_MIDX(1.0),17/01/24 11:00:00,M,I15,CP00,MT,2023-05,121.68,
ESTAT:PRC_HICP_MIDX(1.0),17/01/24 11:00:00,M,I15,CP00,MT,2023-06,123.54,
ESTAT:PRC_HICP_MIDX(1.0),17/01/24 11:00:00,M,I15,CP00,MT,2023-07,123.96,
ESTAT:PRC_HICP_MIDX(1.0),17/01/24 11:00:00,M,I15,CP00,MT,2023-08,124.49,
ESTAT:PRC_HICP_MIDX(1.0),17/01/24 11:00:00,M,I15,CP00,MT,2023-09,123.65,
ESTAT:PRC_HICP_MIDX(1.0),17/01/24 11:00:00,M,I15,CP00,MT,2023-10,121.96,
ESTAT:PRC_HICP_MIDX(1.0),17/01/24 11:00:00,M,I15,CP00,MT,2023-11,118.48,
ESTAT:PRC_HICP_MIDX(1.0),17/01/24 11:00:00,M,I15,CP00,MT,2023-12,118.30,
ESTAT:PRC_HICP_MIDX(1.0),17/01/24 11:00:00,M,I15,CP00,NL,2023-03,126.16,
ESTAT:PRC_HICP_MIDX(1.0),17/01/24 11:00:00,M,I15,CP00,NL,2023-04,128.17,
ESTAT:PRC_HICP_MIDX(1.0),17/01/24 11:00:00,M,I15,CP00,NL,2023-05,128.41,
ESTAT:PRC_HICP_MIDX(1.0),17/01/24 11:00:00,M,I15,CP00,NL,2023-06,127.78,
ESTAT:PRC_HICP_MIDX(1.0),17/01/24 11:00:00,M,I15,CP00,NL,2023-07,129.25,
ESTAT:PRC_HICP_MIDX(1.0),17/01/24 11:00:00,M,I15,CP00,NL,2023-08,129.90,
ESTAT:PRC_HICP_MIDX(1.0),17/01/24 11:00:00,M,I15,CP00,NL,2023-09,128.81,
ESTAT:PRC_HICP_MIDX(1.0),17/01/24 11:00:00,M,I15,CP00,NL,2023-10,129.56,
ESTAT:PRC_HICP_MIDX(1.0),17/01/24 11:00:00,M,I15,CP00,NL,2023-11,127.63,
ESTAT:PRC_HICP_MIDX(1.0),17/01/24 11:00:00,M,I15,CP00,NL,2023-12,127.88,
ESTAT:PRC_HICP_MIDX(1.0),17/01/24 11:00:00,M,I15,CP00,NO,2023-03,129.7,
ESTAT:PRC_HICP_MIDX(1.0),17/01/24 11:00:00,M,I15,CP00,NO,2023-04,131.2,
ESTAT:PRC_HICP_MIDX(1.0),17/01/24 11:00:00,M,I15,CP00,NO,2023-05,131.8,
ESTAT:PRC_HICP_MIDX(1.0),17/01/24 11:00:00,M,I15,CP00,NO,2023-06,132.7,
ESTAT:PRC_HICP_MIDX(1.0),17/01/24 11:00:00,M,I15,CP00,NO,2023-07,133.1,
ESTAT:PRC_HICP_MIDX(1.0),17/01/24 11:00:00,M,I15,CP00,NO,2023-08,131.8,
ESTAT:PRC_HICP_MIDX(1.0),17/01/24 11:00:00,M,I15,CP00,NO,2023-09,131.6,
ESTAT:PRC_HICP_MIDX(1.0),17/01/24 11:00:00,M,I15,CP00,NO,2023-10,133.1,
ESTAT:PRC_HICP_MIDX(1.0),17/01/24 11:00:00,M,I15,CP00,NO,2023-11,134.0,
ESTAT:PRC_HICP_MIDX(1.0),17/01/24 11:00:00,M,I15,CP00,NO,2023-12,134.1,
ESTAT:PRC_HICP_MIDX(1.0),17/01/24 11:00:00,M,I15,CP00,PL,2023-03,142.7,
ESTAT:PRC_HICP_MIDX(1.0),17/01/24 11:00:00,M,I15,CP00,PL,2023-04,143.8,
ESTAT:PRC_HICP_MIDX(1.0),17/01/24 11:00:00,M,I15,CP00,PL,2023-05,144.1,
ESTAT:PRC_HICP_MIDX(1.0),17/01/24 11:00:00,M,I15,CP00,PL,2023-06,144.2,
ESTAT:PRC_HICP_MIDX(1.0),17/01/24 11:00:00,M,I15,CP00,PL,2023-07,143.8,
ESTAT:PRC_HICP_MIDX(1.0),17/01/24 11:00:00,M,I15,CP00,PL,2023-08,143.9,
ESTAT:PRC_HICP_MIDX(1.0),17/01/24 11:00:00,M,I15,CP00,PL,2023-09,143.7,
ESTAT:PRC_HICP_MIDX(1.0),17/01/24 11:00:00,M,I15,CP00,PL,2023-10,144.2,
ESTAT:PRC_HICP_MIDX(1.0),17/01/24 11:00:00,M,I15,CP00,PL,2023-11,145.1,
ESTAT:PRC_HICP_MIDX(1.0),17/01/24 11:00:00,M,I15,CP00,PL,2023-12,145.3,
ESTAT:PRC_HICP_MIDX(1.0),17/01/24 11:00:00,M,I15,CP00,PT,2023-03,118.22,
ESTAT:PRC_HICP_MIDX(1.0),17/01/24 11:00:00,M,I15,CP00,PT,2023-04,119.75,
ESTAT:PRC_HICP_MIDX(1.0),17/01/24 11:00:00,M,I15,CP00,PT,2023-05,119.27,
ESTAT:PRC_HICP_MIDX(1.0),17/01/24 11:00:00,M,I15,CP00,PT,2023-06,119.79,
ESTAT:PRC_HICP_MIDX(1.0),17/01/24 11:00:00,M,I15,CP00,PT,2023-07,119.33,
ESTAT:PRC_HICP_MIDX(1.0),17/01/24 11:00:00,M,I15,CP00,PT,2023-08,120.24,
ESTAT:PRC_HICP_MIDX(1.0),17/01/24 11:00:00,M,I15,CP00,PT,2023-09,121.18,
ESTAT:PRC_HICP_MIDX(1.0),17/01/24 11:00:00,M,I15,CP00,PT,2023-10,120.65,
ESTAT:PRC_HICP_MIDX(1.0),17/01/24 11:00:00,M,I15,CP00,PT,2023-11,119.39,
ESTAT:PRC_HICP_MIDX(1.0),17/01/24 11:00:00,M,I15,CP00,PT,2023-12,118.56,
ESTAT:PRC_HICP_MIDX(1.0),17/01/24 11:00:00,M,I15,CP00,RO,2023-03,139.13,
ESTAT:PRC_HICP_MIDX(1.0),17/01/24 11:00:00,M,I15,CP00,RO,2023-04,140.21,
ESTAT:PRC_HICP_MIDX(1.0),17/01/24 11:00:00,M,I15,CP00,RO,2023-05,140.89,
ESTAT:PRC_HICP_MIDX(1.0),17/01/24 11:00:00,M,I15,CP00,RO,2023-06,141.55,
ESTAT:PRC_HICP_MIDX(1.0),17/01/24 11:00:00,M,I15,CP00,RO,2023-07,141.76,
ESTAT:PRC_HICP_MIDX(1.0),17/01/24 11:00:00,M,I15,CP00,RO,2023-08,142.86,
ESTAT:PRC_HICP_MIDX(1.0),17/01/24 11:00:00,M,I15,CP00,RO,2023-09,144.04,
ESTAT:PRC_HICP_MIDX(1.0),17/01/24 11:00:00,M,I15,CP00,RO,2023-10,144.87,
ESTAT:PRC_HICP_MIDX(1.0),17/01/24 11:00:00,M,I15,CP00,RO,2023-11,144.72,
ESTAT:PRC_HICP_MIDX(1.0),17/01/24 11:00:00,M,I15,CP00,RO,2023-12,145.05,
ESTAT:PRC_HICP_MIDX(1.0),17/01/24 11:00:00,M,I15,CP00,RS,2023-03,141.7,d
ESTAT:PRC_HICP_MIDX(1.0),17/01/24 11:00:00,M,I15,CP00,RS,2023-04,142.8,d
ESTAT:PRC_HICP_MIDX(1.0),17/01/24 11:00:00,M,I15,CP00,RS,2023-05,144.2,d
ESTAT:PRC_HICP_MIDX(1.0),17/01/24 11:00:00,M,I15,CP00,RS,2023-06,145.2,d
ESTAT:PRC_HICP_MIDX(1.0),17/01/24 11:00:00,M,I15,CP00,RS,2023-07,145.2,d
ESTAT:PRC_HICP_MIDX(1.0),17/01/24 11:00:00,M,I15,CP00,RS,2023-08,145.7,d
ESTAT:PRC_HICP_MIDX(1.0),17/01/24 11:00:00,M,I15,CP00,RS,2023-09,146.1,d
ESTAT:PRC_HICP_MIDX(1.0),17/01/24 11:00:00,M,I15,CP00,RS,2023-10,146.5,d
ESTAT:PRC_HICP_MIDX(1.0),17/01/24 11:00:00,M,I15,CP00,RS,2023-11,147.1,d
ESTAT:PRC_HICP_MIDX(1.0),17/01/24 11:00:00,M,I15,CP00,RS,2023-12,147.2,d
ESTAT:PRC_HICP_MIDX(1.0),17/01/24 11:00:00,M,I15,CP00,SE,2023-03,125.57,
ESTAT:PRC_HICP_MIDX(1.0),17/01/24 11:00:00,M,I15,CP00,SE,2023-04,125.82,
ESTAT:PRC_HICP_MIDX(1.0),17/01/24 11:00:00,M,I15,CP00,SE,2023-05,125.91,
ESTAT:PRC_HICP_MIDX(1.0),17/01/24 11:00:00,M,I15,CP00,SE,2023-06,127.17,
ESTAT:PRC_HICP_MIDX(1.0),17/01/24 11:00:00,M,I15,CP00,SE,2023-07,126.93,
ESTAT:PRC_HICP_MIDX(1.0),17/01/24 11:00:00,M,I15,CP00,SE,2023-08,126.72,
ESTAT:PRC_HICP_MIDX(1.0),17/01/24 11:00:00,M,I15,CP00,SE,2023-09,127.19,
ESTAT:PRC_HICP_MIDX(1.0),17/01/24 11:00:00,M,I15,CP00,SE,2023-10,127.29,
ESTAT:PRC_HICP_MIDX(1.0),17/01/24 11:00:00,M,I15,CP00,SE,2023-11,127.52,
ESTAT:PRC_HICP_MIDX(1.0),17/01/24 11:00:00,M,I15,CP00,SE,2023-12,128.38,
ESTAT:PRC_HICP_MIDX(1.0),17/01/24 11:00:00,M,I15,CP00,SI,2023-03,122.87,
ESTAT:PRC_HICP_MIDX(1.0),17/01/24 11:00:00,M,I15,CP00,SI,2023-04,124.14,
ESTAT:PRC_HICP_MIDX(1.0),17/01/24 11:00:00,M,I15,CP00,SI,2023-05,125.25,
ESTAT:PRC_HICP_MIDX(1.0),17/01/24 11:00:00,M,I15,CP00,SI,2023-06,126.43,
ESTAT:PRC_HICP_MIDX(1.0),17/01/24 11:00:00,M,I15,CP00,SI,2023-07,126.48,
ESTAT:PRC_HICP_MIDX(1.0),17/01/24 11:00:00,M,I15,CP00,SI,2023-08,126.75,
ESTAT:PRC_HICP_MIDX(1.0),17/01/24 11:00:00,M,I15,CP00,SI,2023-09,127.60,
ESTAT:PRC_HICP_MIDX(1.0),17/01/24 11:00:00,M,I15,CP00,SI,2023-10,128.05,
ESTAT:PRC_HICP_MIDX(1.0),17/01/24 11:00:00,M,I15,CP00,SI,2023-11,126.99,
ESTAT:PRC_HICP_MIDX(1.0),17/01/24 11:00:00,M,I15,CP00,SI,2023-12,126.29,
ESTAT:PRC_HICP_MIDX(1.0),17/01/24 11:00:00,M,I15,CP00,SK,2023-03,138.31,
ESTAT:PRC_HICP_MIDX(1.0),17/01/24 11:00:00,M,I15,CP00,SK,2023-04,139.16,
ESTAT:PRC_HICP_MIDX(1.0),17/01/24 11:00:00,M,I15,CP00,SK,2023-05,139.07,
ESTAT:PRC_HICP_MIDX(1.0),17/01/24 11:00:00,M,I15,CP00,SK,2023-06,139.39,
ESTAT:PRC_HICP_MIDX(1.0),17/01/24 11:00:00,M,I15,CP00,SK,2023-07,139.06,
ESTAT:PRC_HICP_MIDX(1.0),17/01/24 11:00:00,M,I15,CP00,SK,2023-08,139.18,
ESTAT:PRC_HICP_MIDX(1.0),17/01/24 11:00:00,M,I15,CP00,SK,2023-09,139.62,
ESTAT:PRC_HICP_MIDX(1.0),17/01/24 11:00:00,M,I15,CP00,SK,2023-10,139.89,
ESTAT:PRC_HICP_MIDX(1.0),17/01/24 11:00:00,M,I15,CP00,SK,2023-11,140.14,
ESTAT:PRC_HICP_MIDX(1.0),17/01/24 11:00:00,M,I15,CP00,SK,2023-12,139.96,
ESTAT:PRC_HICP_MIDX(1.0),17/01/24 11:00:00,M,I15,CP00,TR,2023-03,486.83,d
ESTAT:PRC_HICP_MIDX(1.0),17/01/24 11:00:00,M,I15,CP00,TR,2023-04,498.51,d
ESTAT:PRC_HICP_MIDX(1.0),17/01/24 11:00:00,M,I15,CP00,TR,2023-05,498.70,d
ESTAT:PRC_HICP_MIDX(1.0),17/01/24 11:00:00,M,I15,CP00,TR,2023-06,518.27,d
ESTAT:PRC_HICP_MIDX(1.0),17/01/24 11:00:00,M,I15,CP00,TR,2023-07,567.63,d
ESTAT:PRC_HICP_MIDX(1.0),17/01/24 11:00:00,M,I15,CP00,TR,2023-08,619.09,d
ESTAT:PRC_HICP_MIDX(1.0),17/01/24 11:00:00,M,I15,CP00,TR,2023-09,648.45,d
ESTAT:PRC_HICP_MIDX(1.0),17/01/24 11:00:00,M,I15,CP00,TR,2023-10,670.67,d
ESTAT:PRC_HICP_MIDX(1.0),17/01/24 11:00:00,M,I15,CP00,TR,2023-11,692.75,d
ESTAT:PRC_HICP_MIDX(1.0),17/01/24 11:00:00,M,I15,CP00,TR,2023-12,713.14,d
ESTAT:PRC_HICP_MIDX(1.0),17/01/24 11:00:00,M,I15,CP00,US,2023-03,124.94,d
ESTAT:PRC_HICP_MIDX(1.0),17/01/24 11:00:00,M,I15,CP00,US,2023-04,125.63,d
ESTAT:PRC_HICP_MIDX(1.0),17/01/24 11:00:00,M,I15,CP00,US,2023-05,125.80,d
ESTAT:PRC_HICP_MIDX(1.0),17/01/24 11:00:00,M,I15,CP00,US,2023-06,126.15,d
ESTAT:PRC_HICP_MIDX(1.0),17/01/24 11:00:00,M,I15,CP00,US,2023-07,126.28,d
ESTAT:PRC_HICP_MIDX(1.0),17/01/24 11:00:00,M,I15,CP00,US,2023-08,126.94,d
ESTAT:PRC_HICP_MIDX(1.0),17/01/24 11:00:00,M,I15,CP00,US,2023-09,127.12,d
ESTAT:PRC_HICP_MIDX(1.0),17/01/24 11:00:00,M,I15,CP00,US,2023-10,126.97,d
ESTAT:PRC_HICP_MIDX(1.0),17/01/24 11:00:00,M,I15,CP00,US,2023-11,126.49,d
ESTAT:PRC_HICP_MIDX(1.0),17/01/24 11:00:00,M,I15,CP00,US,2023-12,126.16,d
ESTAT:PRC_HICP_MIDX(1.0),17/01/24 11:00:00,M,I15,CP00,XK,2023-03,127.04,d
ESTAT:PRC_HICP_MIDX(1.0),17/01/24 11:00:00,M,I15,CP00,XK,2023-04,127.03,d
ESTAT:PRC_HICP_MIDX(1.0),17/01/24 11:00:00,M,I15,CP00,XK,2023-05,126.62,d
ESTAT:PRC_HICP_MIDX(1.0),17/01/24 11:00:00,M,I15,CP00,XK,2023-06,126.58,d
ESTAT:PRC_HICP_MIDX(1.0),17/01/24 11:00:00,M,I15,CP00,XK,2023-07,127.12,d
ESTAT:PRC_HICP_MIDX(1.0),17/01/24 11:00:00,M,I15,CP00,XK,2023-08,128.42,d
ESTAT:PRC_HICP_MIDX(1.0),17/01/24 11:00:00,M,I15,CP00,XK,2023-09,129.52,d
ESTAT:PRC_HICP_MIDX(1.0),17/01/24 11:00:00,M,I15,CP00,XK,2023-10,129.50,d
ESTAT:PRC_HICP_MIDX(1.0),17/01/24 11:00:00,M,I15,CP00,XK,2023-11,129.38,d
ESTAT:PRC_HICP_MIDX(1.0),17/01/24 11:00:00,M,I15,CP00,XK,2023-12,129.79,d
